{
	"credit": "Made with Blockbench, by xR4YM0ND",
	"texture_size": [32, 32],
	"textures": {
		"0": "quark:block/azalea_ladder",
		"particle": "quark:block/azalea_ladder"
	},
	"elements": [
		{
			"from": [1, 0, 14],
			"to": [3, 16, 16],
			"rotation": {"angle": 0, "axis": "y", "origin": [1, 0, 14]},
			"faces": {
				"north": {"uv": [0, 0, 1, 8], "texture": "#0"},
				"east": {"uv": [1, 0, 2, 8], "texture": "#0"},
				"south": {"uv": [2, 0, 3, 8], "texture": "#0"},
				"west": {"uv": [3, 0, 4, 8], "texture": "#0"},
				"up": {"uv": [1, 11, 0, 10], "texture": "#0"},
				"down": {"uv": [2, 10, 1, 11], "texture": "#0"}
			}
		},
		{
			"from": [13, 0, 14],
			"to": [15, 16, 16],
			"rotation": {"angle": 0, "axis": "y", "origin": [13, 0, 14]},
			"faces": {
				"north": {"uv": [4, 0, 5, 8], "texture": "#0"},
				"east": {"uv": [5, 0, 6, 8], "texture": "#0"},
				"south": {"uv": [6, 0, 7, 8], "texture": "#0"},
				"west": {"uv": [7, 0, 8, 8], "texture": "#0"},
				"up": {"uv": [3, 11, 2, 10], "texture": "#0"},
				"down": {"uv": [4, 10, 3, 11], "texture": "#0"}
			}
		},
		{
			"from": [3, 1, 14],
			"to": [13, 2, 16],
			"rotation": {"angle": 0, "axis": "y", "origin": [3, 1, 14]},
			"faces": {
				"north": {"uv": [8, 6, 13, 6.5], "texture": "#0"},
				"east": {"uv": [4, 10, 5, 10.5], "texture": "#0"},
				"south": {"uv": [8, 6.5, 13, 7], "texture": "#0"},
				"west": {"uv": [5, 10, 6, 10.5], "texture": "#0"},
				"up": {"uv": [5, 9, 0, 8], "texture": "#0"},
				"down": {"uv": [13, 0, 8, 1], "texture": "#0"}
			}
		},
		{
			"from": [3, 5, 14],
			"to": [13, 6, 16],
			"rotation": {"angle": 0, "axis": "y", "origin": [3, 5, 14]},
			"faces": {
				"north": {"uv": [8, 7, 13, 7.5], "texture": "#0"},
				"east": {"uv": [6, 10, 7, 10.5], "texture": "#0"},
				"south": {"uv": [8, 7.5, 13, 8], "texture": "#0"},
				"west": {"uv": [7, 10, 8, 10.5], "texture": "#0"},
				"up": {"uv": [13, 2, 8, 1], "texture": "#0"},
				"down": {"uv": [13, 2, 8, 3], "texture": "#0"}
			}
		},
		{
			"from": [3, 9, 14],
			"to": [13, 10, 16],
			"rotation": {"angle": 0, "axis": "y", "origin": [3, 9, 14]},
			"faces": {
				"north": {"uv": [0, 9, 5, 9.5], "texture": "#0"},
				"east": {"uv": [8, 10, 9, 10.5], "texture": "#0"},
				"south": {"uv": [5, 9, 10, 9.5], "texture": "#0"},
				"west": {"uv": [10, 8, 11, 8.5], "texture": "#0"},
				"up": {"uv": [13, 4, 8, 3], "texture": "#0"},
				"down": {"uv": [13, 4, 8, 5], "texture": "#0"}
			}
		},
		{
			"from": [3, 13, 14],
			"to": [13, 14, 16],
			"rotation": {"angle": 0, "axis": "y", "origin": [3, 13, 14]},
			"faces": {
				"north": {"uv": [0, 9.5, 5, 10], "texture": "#0"},
				"east": {"uv": [10, 8.5, 11, 9], "texture": "#0"},
				"south": {"uv": [5, 9.5, 10, 10], "texture": "#0"},
				"west": {"uv": [9, 10, 10, 10.5], "texture": "#0"},
				"up": {"uv": [10, 9, 5, 8], "texture": "#0"},
				"down": {"uv": [13, 5, 8, 6], "texture": "#0"}
			}
		}
	],
	"gui_light": "front",
	"display": {
		"thirdperson_righthand": {
			"rotation": [0, 180, 0],
			"translation": [0, 2.75, 4],
			"scale": [0.6, 0.6, 0.6]
		},
		"thirdperson_lefthand": {
			"rotation": [0, 180, 0],
			"translation": [0, 2.75, 4],
			"scale": [0.6, 0.6, 0.6]
		},
		"firstperson_righthand": {
			"rotation": [0, 90, -36],
			"translation": [3, 0.5, -6]
		},
		"firstperson_lefthand": {
			"rotation": [0, 90, -36],
			"translation": [3, 0.5, -6]
		},
		"ground": {
			"translation": [0, 2.25, -3.25],
			"scale": [0.5, 0.5, 0.5]
		},
		"gui": {
			"rotation": [0, 180, 0]
		},
		"head": {
			"rotation": [0, 180, 0],
			"translation": [0, 0, 14.5]
		},
		"fixed": {
			"translation": [0, 0, -8]
		}
	}
}