{
	"credit": "Made with Blockbench, by xR4YM0ND",
	"texture_size": [32, 32],
	"textures": {
		"0": "quark:block/blossom_ladder",
		"particle": "quark:block/blossom_ladder"
	},
	"elements": [
		{
			"from": [3, 0, 15],
			"to": [4, 16, 16],
			"rotation": {"angle": 0, "axis": "y", "origin": [3, 0, 15]},
			"faces": {
				"north": {"uv": [6, 1, 6.5, 9], "texture": "#0"},
				"east": {"uv": [6.5, 1, 7, 9], "texture": "#0"},
				"south": {"uv": [0, 7, 0.5, 15], "texture": "#0"},
				"west": {"uv": [0.5, 7, 1, 15], "texture": "#0"},
				"up": {"uv": [8, 6.5, 7.5, 6], "texture": "#0"},
				"down": {"uv": [8, 6.5, 7.5, 7], "texture": "#0"}
			}
		},
		{
			"from": [12, 0, 15],
			"to": [13, 16, 16],
			"rotation": {"angle": 0, "axis": "y", "origin": [12, 0, 15]},
			"faces": {
				"north": {"uv": [1, 7, 1.5, 15], "texture": "#0"},
				"east": {"uv": [7, 1, 7.5, 9], "texture": "#0"},
				"south": {"uv": [1.5, 7, 2, 15], "texture": "#0"},
				"west": {"uv": [2, 7, 2.5, 15], "texture": "#0"},
				"up": {"uv": [8, 7.5, 7.5, 7], "texture": "#0"},
				"down": {"uv": [8, 7.5, 7.5, 8], "texture": "#0"}
			}
		},
		{
			"from": [2, 1, 14],
			"to": [14, 3, 15],
			"rotation": {"angle": 0, "axis": "y", "origin": [2, 1, 14]},
			"faces": {
				"north": {"uv": [0, 0, 6, 1], "texture": "#0"},
				"east": {"uv": [2.5, 7, 3, 8], "texture": "#0"},
				"south": {"uv": [0, 1, 6, 2], "texture": "#0"},
				"west": {"uv": [3, 7, 3.5, 8], "texture": "#0"},
				"up": {"uv": [13.5, 1.5, 7.5, 1], "texture": "#0"},
				"down": {"uv": [13.5, 1.5, 7.5, 2], "texture": "#0"}
			}
		},
		{
			"from": [2, 5, 14],
			"to": [14, 7, 15],
			"rotation": {"angle": 0, "axis": "y", "origin": [2, 5, 14]},
			"faces": {
				"north": {"uv": [0, 2, 6, 3], "texture": "#0"},
				"east": {"uv": [3.5, 7, 4, 8], "texture": "#0"},
				"south": {"uv": [0, 3, 6, 4], "texture": "#0"},
				"west": {"uv": [4, 7, 4.5, 8], "texture": "#0"},
				"up": {"uv": [13.5, 2.5, 7.5, 2], "texture": "#0"},
				"down": {"uv": [13.5, 2.5, 7.5, 3], "texture": "#0"}
			}
		},
		{
			"from": [2, 9, 14],
			"to": [14, 11, 15],
			"rotation": {"angle": 0, "axis": "y", "origin": [2, 9, 14]},
			"faces": {
				"north": {"uv": [0, 4, 6, 5], "texture": "#0"},
				"east": {"uv": [4.5, 7, 5, 8], "texture": "#0"},
				"south": {"uv": [0, 5, 6, 6], "texture": "#0"},
				"west": {"uv": [5, 7, 5.5, 8], "texture": "#0"},
				"up": {"uv": [13.5, 3.5, 7.5, 3], "texture": "#0"},
				"down": {"uv": [13.5, 3.5, 7.5, 4], "texture": "#0"}
			}
		},
		{
			"from": [2, 13, 14],
			"to": [14, 15, 15],
			"rotation": {"angle": 0, "axis": "y", "origin": [2, 13, 14]},
			"faces": {
				"north": {"uv": [0, 6, 6, 7], "texture": "#0"},
				"east": {"uv": [5.5, 7, 6, 8], "texture": "#0"},
				"south": {"uv": [6, 0, 12, 1], "texture": "#0"},
				"west": {"uv": [7.5, 5, 8, 6], "texture": "#0"},
				"up": {"uv": [13.5, 4.5, 7.5, 4], "texture": "#0"},
				"down": {"uv": [13.5, 4.5, 7.5, 5], "texture": "#0"}
			}
		}
	],
	"gui_light": "front",
	"display": {
		"thirdperson_righthand": {
			"rotation": [0, 180, 0],
			"translation": [0, 2.75, 4],
			"scale": [0.6, 0.6, 0.6]
		},
		"thirdperson_lefthand": {
			"rotation": [0, 180, 0],
			"translation": [0, 2.75, 4],
			"scale": [0.6, 0.6, 0.6]
		},
		"firstperson_righthand": {
			"rotation": [0, 90, -36],
			"translation": [3, 0.5, -6]
		},
		"firstperson_lefthand": {
			"rotation": [0, 90, -36],
			"translation": [3, 0.5, -6]
		},
		"ground": {
			"translation": [0, 2.25, -3.25],
			"scale": [0.5, 0.5, 0.5]
		},
		"gui": {
			"rotation": [0, 180, 0]
		},
		"head": {
			"rotation": [0, 180, 0],
			"translation": [0, 0, 14.5]
		},
		"fixed": {
			"translation": [0, 0, -8]
		}
	}
}