{
	"credit": "Made with Blockbench, by xR4YM0ND",
	"texture_size": [32, 32],
	"textures": {
		"0": "quark:block/cherry_ladder",
		"particle": "quark:block/cherry_ladder"
	},
	"elements": [
		{
			"from": [2, 0, 15],
			"to": [4, 16, 16],
			"rotation": {"angle": 0, "axis": "y", "origin": [2, 0, 15]},
			"faces": {
				"north": {"uv": [0, 0, 1, 8], "texture": "#0"},
				"east": {"uv": [0, 8, 0.5, 16], "texture": "#0"},
				"south": {"uv": [1, 0, 2, 8], "texture": "#0"},
				"west": {"uv": [0.5, 8, 1, 16], "texture": "#0"},
				"up": {"uv": [10, 7, 9, 6.5], "texture": "#0"},
				"down": {"uv": [10, 7, 9, 7.5], "texture": "#0"}
			}
		},
		{
			"from": [12, 0, 15],
			"to": [14, 16, 16],
			"rotation": {"angle": 0, "axis": "y", "origin": [12, 0, 15]},
			"faces": {
				"north": {"uv": [2, 0, 3, 8], "texture": "#0"},
				"east": {"uv": [1, 8, 1.5, 16], "texture": "#0"},
				"south": {"uv": [3, 0, 4, 8], "texture": "#0"},
				"west": {"uv": [1.5, 8, 2, 16], "texture": "#0"},
				"up": {"uv": [10, 8, 9, 7.5], "texture": "#0"},
				"down": {"uv": [10, 8, 9, 8.5], "texture": "#0"}
			}
		},
		{
			"from": [3, 1, 14],
			"to": [13, 3, 15],
			"rotation": {"angle": 0, "axis": "y", "origin": [3, 1, 14]},
			"faces": {
				"north": {"uv": [4, 4, 9, 5], "texture": "#0"},
				"east": {"uv": [9, 8.5, 9.5, 9.5], "texture": "#0"},
				"south": {"uv": [4, 5, 9, 6], "texture": "#0"},
				"west": {"uv": [2, 9.5, 2.5, 10.5], "texture": "#0"},
				"up": {"uv": [14, 5, 9, 4.5], "texture": "#0"},
				"down": {"uv": [14, 5, 9, 5.5], "texture": "#0"}
			}
		},
		{
			"from": [3, 9, 14],
			"to": [13, 11, 15],
			"rotation": {"angle": 0, "axis": "y", "origin": [3, 9, 14]},
			"faces": {
				"north": {"uv": [4, 6, 9, 7], "texture": "#0"},
				"east": {"uv": [4.5, 9.5, 5, 10.5], "texture": "#0"},
				"south": {"uv": [4, 7, 9, 8], "texture": "#0"},
				"west": {"uv": [5, 9.5, 5.5, 10.5], "texture": "#0"},
				"up": {"uv": [14, 6, 9, 5.5], "texture": "#0"},
				"down": {"uv": [14, 6, 9, 6.5], "texture": "#0"}
			}
		},
		{
			"from": [1, 5, 14],
			"to": [15, 7, 15],
			"rotation": {"angle": 0, "axis": "y", "origin": [1, 5, 14]},
			"faces": {
				"north": {"uv": [4, 0, 11, 1], "texture": "#0"},
				"east": {"uv": [2.5, 9.5, 3, 10.5], "texture": "#0"},
				"south": {"uv": [4, 1, 11, 2], "texture": "#0"},
				"west": {"uv": [3, 9.5, 3.5, 10.5], "texture": "#0"},
				"up": {"uv": [9, 8.5, 2, 8], "texture": "#0"},
				"down": {"uv": [9, 8.5, 2, 9], "texture": "#0"}
			}
		},
		{
			"from": [1, 13, 14],
			"to": [15, 15, 15],
			"rotation": {"angle": 0, "axis": "y", "origin": [1, 13, 14]},
			"faces": {
				"north": {"uv": [4, 2, 11, 3], "texture": "#0"},
				"east": {"uv": [3.5, 9.5, 4, 10.5], "texture": "#0"},
				"south": {"uv": [4, 3, 11, 4], "texture": "#0"},
				"west": {"uv": [4, 9.5, 4.5, 10.5], "texture": "#0"},
				"up": {"uv": [9, 9.5, 2, 9], "texture": "#0"},
				"down": {"uv": [16, 4, 9, 4.5], "texture": "#0"}
			}
		}
	],
	"gui_light": "front",
	"display": {
		"thirdperson_righthand": {
			"rotation": [0, 180, 0],
			"translation": [0, 2.75, 4],
			"scale": [0.6, 0.6, 0.6]
		},
		"thirdperson_lefthand": {
			"rotation": [0, 180, 0],
			"translation": [0, 2.75, 4],
			"scale": [0.6, 0.6, 0.6]
		},
		"firstperson_righthand": {
			"rotation": [0, 90, -36],
			"translation": [3, 0.5, -6]
		},
		"firstperson_lefthand": {
			"rotation": [0, 90, -36],
			"translation": [3, 0.5, -6]
		},
		"ground": {
			"translation": [0, 2.25, -3.25],
			"scale": [0.5, 0.5, 0.5]
		},
		"gui": {
			"rotation": [0, 180, 0]
		},
		"head": {
			"rotation": [0, 180, 0],
			"translation": [0, 0, 14.5]
		},
		"fixed": {
			"translation": [0, 0, -8]
		}
	}
}