{
	"credit": "Made with Blockbench, by xR4YM0ND",
	"texture_size": [32, 32],
	"textures": {
		"0": "quark:block/warped_ladder",
		"particle": "quark:block/warped_ladder"
	},
	"elements": [
		{
			"from": [11, 0, 15],
			"to": [14, 4, 16],
			"rotation": {"angle": 0, "axis": "y", "origin": [11, 0, 15]},
			"faces": {
				"north": {"uv": [2, 0, 3.5, 2], "texture": "#0"},
				"east": {"uv": [6, 6, 6.5, 8], "texture": "#0"},
				"south": {"uv": [2, 2, 3.5, 4], "texture": "#0"},
				"west": {"uv": [6.5, 0, 7, 2], "texture": "#0"},
				"up": {"uv": [9, 5.5, 7.5, 5], "texture": "#0"},
				"down": {"uv": [9, 5.5, 7.5, 6], "texture": "#0"}
			}
		},
		{
			"from": [9, 3, 15],
			"to": [10, 4, 16],
			"rotation": {"angle": 0, "axis": "y", "origin": [9, 7, 15]},
			"faces": {
				"north": {"uv": [11.5, 4, 12, 4.5], "texture": "#0"},
				"east": {"uv": [4.5, 11.5, 5, 12], "texture": "#0"},
				"south": {"uv": [11.5, 4.5, 12, 5], "texture": "#0"},
				"west": {"uv": [5, 11.5, 5.5, 12], "texture": "#0"},
				"up": {"uv": [12, 5.5, 11.5, 5], "texture": "#0"},
				"down": {"uv": [6, 11.5, 5.5, 12], "texture": "#0"}
			}
		},
		{
			"from": [9, 0, 15],
			"to": [11, 1, 16],
			"rotation": {"angle": 0, "axis": "y", "origin": [9, 4, 15]},
			"faces": {
				"north": {"uv": [9.5, 8.5, 10.5, 9], "texture": "#0"},
				"east": {"uv": [11.5, 3.5, 12, 4], "texture": "#0"},
				"south": {"uv": [9.5, 9, 10.5, 9.5], "texture": "#0"},
				"west": {"uv": [4, 11.5, 4.5, 12], "texture": "#0"},
				"up": {"uv": [10.5, 10, 9.5, 9.5], "texture": "#0"},
				"down": {"uv": [1.5, 10, 0.5, 10.5], "texture": "#0"}
			}
		},
		{
			"from": [10, 15, 15],
			"to": [11, 16, 16],
			"rotation": {"angle": 0, "axis": "y", "origin": [10, 19, 15]},
			"faces": {
				"north": {"uv": [11.5, 2, 12, 2.5], "texture": "#0"},
				"east": {"uv": [2.5, 11.5, 3, 12], "texture": "#0"},
				"south": {"uv": [11.5, 2.5, 12, 3], "texture": "#0"},
				"west": {"uv": [3, 11.5, 3.5, 12], "texture": "#0"},
				"up": {"uv": [12, 3.5, 11.5, 3], "texture": "#0"},
				"down": {"uv": [4, 11.5, 3.5, 12], "texture": "#0"}
			}
		},
		{
			"from": [5, 15, 15],
			"to": [6, 16, 16],
			"rotation": {"angle": 0, "axis": "y", "origin": [5, 19, 15]},
			"faces": {
				"north": {"uv": [11.5, 0.5, 12, 1], "texture": "#0"},
				"east": {"uv": [1, 11.5, 1.5, 12], "texture": "#0"},
				"south": {"uv": [11.5, 1, 12, 1.5], "texture": "#0"},
				"west": {"uv": [1.5, 11.5, 2, 12], "texture": "#0"},
				"up": {"uv": [12, 2, 11.5, 1.5], "texture": "#0"},
				"down": {"uv": [2.5, 11.5, 2, 12], "texture": "#0"}
			}
		},
		{
			"from": [5, 14, 15],
			"to": [7, 15, 16],
			"rotation": {"angle": 0, "axis": "y", "origin": [5, 18, 15]},
			"faces": {
				"north": {"uv": [6, 9.5, 7, 10], "texture": "#0"},
				"east": {"uv": [11.5, 0, 12, 0.5], "texture": "#0"},
				"south": {"uv": [9.5, 6.5, 10.5, 7], "texture": "#0"},
				"west": {"uv": [0.5, 11.5, 1, 12], "texture": "#0"},
				"up": {"uv": [10.5, 7.5, 9.5, 7], "texture": "#0"},
				"down": {"uv": [10.5, 7.5, 9.5, 8], "texture": "#0"}
			}
		},
		{
			"from": [1, 4, 15],
			"to": [2, 5, 16],
			"rotation": {"angle": 0, "axis": "y", "origin": [1, 8, 15]},
			"faces": {
				"north": {"uv": [10, 11, 10.5, 11.5], "texture": "#0"},
				"east": {"uv": [11, 10, 11.5, 10.5], "texture": "#0"},
				"south": {"uv": [10.5, 11, 11, 11.5], "texture": "#0"},
				"west": {"uv": [11, 10.5, 11.5, 11], "texture": "#0"},
				"up": {"uv": [11.5, 11.5, 11, 11], "texture": "#0"},
				"down": {"uv": [0.5, 11.5, 0, 12], "texture": "#0"}
			}
		},
		{
			"from": [1, 9, 15],
			"to": [2, 10, 16],
			"rotation": {"angle": 0, "axis": "y", "origin": [1, 13, 15]},
			"faces": {
				"north": {"uv": [8.5, 11, 9, 11.5], "texture": "#0"},
				"east": {"uv": [11, 8.5, 11.5, 9], "texture": "#0"},
				"south": {"uv": [9, 11, 9.5, 11.5], "texture": "#0"},
				"west": {"uv": [11, 9, 11.5, 9.5], "texture": "#0"},
				"up": {"uv": [10, 11.5, 9.5, 11], "texture": "#0"},
				"down": {"uv": [11.5, 9.5, 11, 10], "texture": "#0"}
			}
		},
		{
			"from": [13, 6, 15],
			"to": [14, 7, 16],
			"rotation": {"angle": 0, "axis": "y", "origin": [13, 10, 15]},
			"faces": {
				"north": {"uv": [7, 11, 7.5, 11.5], "texture": "#0"},
				"east": {"uv": [11, 7, 11.5, 7.5], "texture": "#0"},
				"south": {"uv": [7.5, 11, 8, 11.5], "texture": "#0"},
				"west": {"uv": [11, 7.5, 11.5, 8], "texture": "#0"},
				"up": {"uv": [8.5, 11.5, 8, 11], "texture": "#0"},
				"down": {"uv": [11.5, 8, 11, 8.5], "texture": "#0"}
			}
		},
		{
			"from": [15, 10, 15],
			"to": [16, 11, 16],
			"rotation": {"angle": 0, "axis": "y", "origin": [15, 14, 15]},
			"faces": {
				"north": {"uv": [5.5, 11, 6, 11.5], "texture": "#0"},
				"east": {"uv": [11, 5.5, 11.5, 6], "texture": "#0"},
				"south": {"uv": [6, 11, 6.5, 11.5], "texture": "#0"},
				"west": {"uv": [11, 6, 11.5, 6.5], "texture": "#0"},
				"up": {"uv": [7, 11.5, 6.5, 11], "texture": "#0"},
				"down": {"uv": [11.5, 6.5, 11, 7], "texture": "#0"}
			}
		},
		{
			"from": [14, 10, 15],
			"to": [15, 12, 16],
			"rotation": {"angle": 0, "axis": "y", "origin": [14, 14, 15]},
			"faces": {
				"north": {"uv": [4.5, 9.5, 5, 10.5], "texture": "#0"},
				"east": {"uv": [9.5, 4.5, 10, 5.5], "texture": "#0"},
				"south": {"uv": [5, 9.5, 5.5, 10.5], "texture": "#0"},
				"west": {"uv": [9.5, 5.5, 10, 6.5], "texture": "#0"},
				"up": {"uv": [5.5, 11.5, 5, 11], "texture": "#0"},
				"down": {"uv": [11.5, 5, 11, 5.5], "texture": "#0"}
			}
		},
		{
			"from": [2, 8, 15],
			"to": [3, 10, 16],
			"rotation": {"angle": 0, "axis": "y", "origin": [2, 12, 15]},
			"faces": {
				"north": {"uv": [2.5, 9.5, 3, 10.5], "texture": "#0"},
				"east": {"uv": [3, 9.5, 3.5, 10.5], "texture": "#0"},
				"south": {"uv": [3.5, 9.5, 4, 10.5], "texture": "#0"},
				"west": {"uv": [4, 9.5, 4.5, 10.5], "texture": "#0"},
				"up": {"uv": [5, 11.5, 4.5, 11], "texture": "#0"},
				"down": {"uv": [11.5, 4.5, 11, 5], "texture": "#0"}
			}
		},
		{
			"from": [11, 8, 15],
			"to": [12, 9, 16],
			"rotation": {"angle": 0, "axis": "y", "origin": [11, 12, 15]},
			"faces": {
				"north": {"uv": [3, 11, 3.5, 11.5], "texture": "#0"},
				"east": {"uv": [11, 3, 11.5, 3.5], "texture": "#0"},
				"south": {"uv": [3.5, 11, 4, 11.5], "texture": "#0"},
				"west": {"uv": [11, 3.5, 11.5, 4], "texture": "#0"},
				"up": {"uv": [4.5, 11.5, 4, 11], "texture": "#0"},
				"down": {"uv": [11.5, 4, 11, 4.5], "texture": "#0"}
			}
		},
		{
			"from": [4, 7, 15],
			"to": [5, 8, 16],
			"rotation": {"angle": 0, "axis": "y", "origin": [4, 11, 15]},
			"faces": {
				"north": {"uv": [1.5, 11, 2, 11.5], "texture": "#0"},
				"east": {"uv": [11, 1.5, 11.5, 2], "texture": "#0"},
				"south": {"uv": [2, 11, 2.5, 11.5], "texture": "#0"},
				"west": {"uv": [11, 2, 11.5, 2.5], "texture": "#0"},
				"up": {"uv": [3, 11.5, 2.5, 11], "texture": "#0"},
				"down": {"uv": [11.5, 2.5, 11, 3], "texture": "#0"}
			}
		},
		{
			"from": [6, 5, 15],
			"to": [7, 6, 16],
			"rotation": {"angle": 0, "axis": "y", "origin": [6, 9, 15]},
			"faces": {
				"north": {"uv": [0, 11, 0.5, 11.5], "texture": "#0"},
				"east": {"uv": [11, 0, 11.5, 0.5], "texture": "#0"},
				"south": {"uv": [0.5, 11, 1, 11.5], "texture": "#0"},
				"west": {"uv": [11, 0.5, 11.5, 1], "texture": "#0"},
				"up": {"uv": [1.5, 11.5, 1, 11], "texture": "#0"},
				"down": {"uv": [11.5, 1, 11, 1.5], "texture": "#0"}
			}
		},
		{
			"from": [8, 5, 15],
			"to": [10, 6, 16],
			"rotation": {"angle": 0, "axis": "y", "origin": [8, 9, 15]},
			"faces": {
				"north": {"uv": [9.5, 0.5, 10.5, 1], "texture": "#0"},
				"east": {"uv": [10.5, 10, 11, 10.5], "texture": "#0"},
				"south": {"uv": [9.5, 1, 10.5, 1.5], "texture": "#0"},
				"west": {"uv": [10.5, 10.5, 11, 11], "texture": "#0"},
				"up": {"uv": [2.5, 10, 1.5, 9.5], "texture": "#0"},
				"down": {"uv": [10.5, 1.5, 9.5, 2], "texture": "#0"}
			}
		},
		{
			"from": [6, 10, 15],
			"to": [8, 11, 16],
			"rotation": {"angle": 0, "axis": "y", "origin": [6, 14, 15]},
			"faces": {
				"north": {"uv": [5, 3, 6, 3.5], "texture": "#0"},
				"east": {"uv": [10.5, 9.5, 11, 10], "texture": "#0"},
				"south": {"uv": [5, 3.5, 6, 4], "texture": "#0"},
				"west": {"uv": [10, 10.5, 10.5, 11], "texture": "#0"},
				"up": {"uv": [10.5, 0.5, 9.5, 0], "texture": "#0"},
				"down": {"uv": [1.5, 9.5, 0.5, 10], "texture": "#0"}
			}
		},
		{
			"from": [9, 10, 15],
			"to": [10, 11, 16],
			"rotation": {"angle": 0, "axis": "y", "origin": [9, 14, 15]},
			"faces": {
				"north": {"uv": [10.5, 8, 11, 8.5], "texture": "#0"},
				"east": {"uv": [8.5, 10.5, 9, 11], "texture": "#0"},
				"south": {"uv": [10.5, 8.5, 11, 9], "texture": "#0"},
				"west": {"uv": [9, 10.5, 9.5, 11], "texture": "#0"},
				"up": {"uv": [11, 9.5, 10.5, 9], "texture": "#0"},
				"down": {"uv": [10, 10.5, 9.5, 11], "texture": "#0"}
			}
		},
		{
			"from": [14, 13, 15],
			"to": [15, 16, 16],
			"rotation": {"angle": 0, "axis": "y", "origin": [14, 17, 15]},
			"faces": {
				"north": {"uv": [8, 9, 8.5, 10.5], "texture": "#0"},
				"east": {"uv": [8.5, 9, 9, 10.5], "texture": "#0"},
				"south": {"uv": [9, 8.5, 9.5, 10], "texture": "#0"},
				"west": {"uv": [0, 9.5, 0.5, 11], "texture": "#0"},
				"up": {"uv": [11, 8, 10.5, 7.5], "texture": "#0"},
				"down": {"uv": [8.5, 10.5, 8, 11], "texture": "#0"}
			}
		},
		{
			"from": [13, 4, 15],
			"to": [14, 5, 16],
			"rotation": {"angle": 0, "axis": "y", "origin": [13, 8, 15]},
			"faces": {
				"north": {"uv": [10.5, 6, 11, 6.5], "texture": "#0"},
				"east": {"uv": [6.5, 10.5, 7, 11], "texture": "#0"},
				"south": {"uv": [10.5, 6.5, 11, 7], "texture": "#0"},
				"west": {"uv": [7, 10.5, 7.5, 11], "texture": "#0"},
				"up": {"uv": [11, 7.5, 10.5, 7], "texture": "#0"},
				"down": {"uv": [8, 10.5, 7.5, 11], "texture": "#0"}
			}
		},
		{
			"from": [14, 0, 15],
			"to": [15, 4, 16],
			"rotation": {"angle": 0, "axis": "y", "origin": [14, 4, 15]},
			"faces": {
				"north": {"uv": [3.5, 7.5, 4, 9.5], "texture": "#0"},
				"east": {"uv": [4, 7.5, 4.5, 9.5], "texture": "#0"},
				"south": {"uv": [4.5, 7.5, 5, 9.5], "texture": "#0"},
				"west": {"uv": [5, 7.5, 5.5, 9.5], "texture": "#0"},
				"up": {"uv": [11, 6, 10.5, 5.5], "texture": "#0"},
				"down": {"uv": [6.5, 10.5, 6, 11], "texture": "#0"}
			}
		},
		{
			"from": [1, 12, 15],
			"to": [2, 16, 16],
			"rotation": {"angle": 0, "axis": "y", "origin": [1, 16, 15]},
			"faces": {
				"north": {"uv": [2, 7.5, 2.5, 9.5], "texture": "#0"},
				"east": {"uv": [2.5, 7.5, 3, 9.5], "texture": "#0"},
				"south": {"uv": [3, 7.5, 3.5, 9.5], "texture": "#0"},
				"west": {"uv": [7.5, 3, 8, 5], "texture": "#0"},
				"up": {"uv": [11, 5.5, 10.5, 5], "texture": "#0"},
				"down": {"uv": [6, 10.5, 5.5, 11], "texture": "#0"}
			}
		},
		{
			"from": [1, 0, 15],
			"to": [2, 3, 16],
			"rotation": {"angle": 0, "axis": "y", "origin": [1, 4, 15]},
			"faces": {
				"north": {"uv": [9, 5, 9.5, 6.5], "texture": "#0"},
				"east": {"uv": [5.5, 9, 6, 10.5], "texture": "#0"},
				"south": {"uv": [9, 6.5, 9.5, 8], "texture": "#0"},
				"west": {"uv": [7.5, 9, 8, 10.5], "texture": "#0"},
				"up": {"uv": [11, 5, 10.5, 4.5], "texture": "#0"},
				"down": {"uv": [5.5, 10.5, 5, 11], "texture": "#0"}
			}
		},
		{
			"from": [2, 4, 15],
			"to": [3, 5, 16],
			"rotation": {"angle": 0, "axis": "y", "origin": [2, 8, 15]},
			"faces": {
				"north": {"uv": [10.5, 3, 11, 3.5], "texture": "#0"},
				"east": {"uv": [3.5, 10.5, 4, 11], "texture": "#0"},
				"south": {"uv": [10.5, 3.5, 11, 4], "texture": "#0"},
				"west": {"uv": [4, 10.5, 4.5, 11], "texture": "#0"},
				"up": {"uv": [11, 4.5, 10.5, 4], "texture": "#0"},
				"down": {"uv": [5, 10.5, 4.5, 11], "texture": "#0"}
			}
		},
		{
			"from": [2, 11, 15],
			"to": [3, 12, 16],
			"rotation": {"angle": 0, "axis": "y", "origin": [2, 15, 15]},
			"faces": {
				"north": {"uv": [10.5, 1.5, 11, 2], "texture": "#0"},
				"east": {"uv": [2, 10.5, 2.5, 11], "texture": "#0"},
				"south": {"uv": [10.5, 2, 11, 2.5], "texture": "#0"},
				"west": {"uv": [2.5, 10.5, 3, 11], "texture": "#0"},
				"up": {"uv": [11, 3, 10.5, 2.5], "texture": "#0"},
				"down": {"uv": [3.5, 10.5, 3, 11], "texture": "#0"}
			}
		},
		{
			"from": [13, 11, 15],
			"to": [14, 12, 16],
			"rotation": {"angle": 0, "axis": "y", "origin": [13, 15, 15]},
			"faces": {
				"north": {"uv": [10.5, 0, 11, 0.5], "texture": "#0"},
				"east": {"uv": [0.5, 10.5, 1, 11], "texture": "#0"},
				"south": {"uv": [10.5, 0.5, 11, 1], "texture": "#0"},
				"west": {"uv": [1, 10.5, 1.5, 11], "texture": "#0"},
				"up": {"uv": [11, 1.5, 10.5, 1], "texture": "#0"},
				"down": {"uv": [2, 10.5, 1.5, 11], "texture": "#0"}
			}
		},
		{
			"from": [10, 12, 15],
			"to": [11, 13, 16],
			"rotation": {"angle": 0, "axis": "y", "origin": [10, 16, 15]},
			"faces": {
				"north": {"uv": [6.5, 10, 7, 10.5], "texture": "#0"},
				"east": {"uv": [7, 10, 7.5, 10.5], "texture": "#0"},
				"south": {"uv": [10, 8, 10.5, 8.5], "texture": "#0"},
				"west": {"uv": [9, 10, 9.5, 10.5], "texture": "#0"},
				"up": {"uv": [10, 10.5, 9.5, 10], "texture": "#0"},
				"down": {"uv": [10.5, 10, 10, 10.5], "texture": "#0"}
			}
		},
		{
			"from": [5, 8, 15],
			"to": [6, 9, 16],
			"rotation": {"angle": 0, "axis": "y", "origin": [5, 12, 15]},
			"faces": {
				"north": {"uv": [10, 4, 10.5, 4.5], "texture": "#0"},
				"east": {"uv": [10, 4.5, 10.5, 5], "texture": "#0"},
				"south": {"uv": [10, 5, 10.5, 5.5], "texture": "#0"},
				"west": {"uv": [10, 5.5, 10.5, 6], "texture": "#0"},
				"up": {"uv": [6.5, 10.5, 6, 10], "texture": "#0"},
				"down": {"uv": [10.5, 6, 10, 6.5], "texture": "#0"}
			}
		},
		{
			"from": [10, 7, 15],
			"to": [11, 8, 16],
			"rotation": {"angle": 0, "axis": "y", "origin": [10, 11, 15]},
			"faces": {
				"north": {"uv": [1.5, 10, 2, 10.5], "texture": "#0"},
				"east": {"uv": [2, 10, 2.5, 10.5], "texture": "#0"},
				"south": {"uv": [10, 2, 10.5, 2.5], "texture": "#0"},
				"west": {"uv": [10, 2.5, 10.5, 3], "texture": "#0"},
				"up": {"uv": [10.5, 3.5, 10, 3], "texture": "#0"},
				"down": {"uv": [10.5, 3.5, 10, 4], "texture": "#0"}
			}
		},
		{
			"from": [11, 12, 15],
			"to": [14, 16, 16],
			"rotation": {"angle": 0, "axis": "y", "origin": [11, 16, 15]},
			"faces": {
				"north": {"uv": [3, 4, 4.5, 6], "texture": "#0"},
				"east": {"uv": [1, 7.5, 1.5, 9.5], "texture": "#0"},
				"south": {"uv": [4.5, 4, 6, 6], "texture": "#0"},
				"west": {"uv": [1.5, 7.5, 2, 9.5], "texture": "#0"},
				"up": {"uv": [9, 9, 7.5, 8.5], "texture": "#0"},
				"down": {"uv": [10, 8, 8.5, 8.5], "texture": "#0"}
			}
		},
		{
			"from": [10, 9, 15],
			"to": [13, 12, 16],
			"rotation": {"angle": 0, "axis": "y", "origin": [10, 13, 15]},
			"faces": {
				"north": {"uv": [4.5, 6, 6, 7.5], "texture": "#0"},
				"east": {"uv": [8.5, 6, 9, 7.5], "texture": "#0"},
				"south": {"uv": [6, 4.5, 7.5, 6], "texture": "#0"},
				"west": {"uv": [7, 8.5, 7.5, 10], "texture": "#0"},
				"up": {"uv": [10, 4, 8.5, 3.5], "texture": "#0"},
				"down": {"uv": [10, 4, 8.5, 4.5], "texture": "#0"}
			}
		},
		{
			"from": [2, 0, 15],
			"to": [5, 4, 16],
			"rotation": {"angle": 0, "axis": "y", "origin": [6, 0, 15]},
			"faces": {
				"north": {"uv": [0, 4, 1.5, 6], "texture": "#0"},
				"east": {"uv": [7.5, 0, 8, 2], "texture": "#0"},
				"south": {"uv": [1.5, 4, 3, 6], "texture": "#0"},
				"west": {"uv": [0.5, 7.5, 1, 9.5], "texture": "#0"},
				"up": {"uv": [10, 3, 8.5, 2.5], "texture": "#0"},
				"down": {"uv": [10, 3, 8.5, 3.5], "texture": "#0"}
			}
		},
		{
			"from": [3, 4, 15],
			"to": [6, 7, 16],
			"rotation": {"angle": 0, "axis": "y", "origin": [6, 4, 15]},
			"faces": {
				"north": {"uv": [3, 6, 4.5, 7.5], "texture": "#0"},
				"east": {"uv": [8, 6, 8.5, 7.5], "texture": "#0"},
				"south": {"uv": [6, 3, 7.5, 4.5], "texture": "#0"},
				"west": {"uv": [6.5, 8, 7, 9.5], "texture": "#0"},
				"up": {"uv": [8.5, 8.5, 7, 8], "texture": "#0"},
				"down": {"uv": [10, 2, 8.5, 2.5], "texture": "#0"}
			}
		},
		{
			"from": [3, 9, 15],
			"to": [6, 12, 16],
			"rotation": {"angle": 0, "axis": "y", "origin": [6, 13, 15]},
			"faces": {
				"north": {"uv": [0, 6, 1.5, 7.5], "texture": "#0"},
				"east": {"uv": [8, 3, 8.5, 4.5], "texture": "#0"},
				"south": {"uv": [1.5, 6, 3, 7.5], "texture": "#0"},
				"west": {"uv": [6, 8, 6.5, 9.5], "texture": "#0"},
				"up": {"uv": [9.5, 2, 8, 1.5], "texture": "#0"},
				"down": {"uv": [9.5, 4.5, 8, 5], "texture": "#0"}
			}
		},
		{
			"from": [2, 12, 15],
			"to": [5, 16, 16],
			"rotation": {"angle": 0, "axis": "y", "origin": [6, 16, 15]},
			"faces": {
				"north": {"uv": [3.5, 0, 5, 2], "texture": "#0"},
				"east": {"uv": [7, 6, 7.5, 8], "texture": "#0"},
				"south": {"uv": [3.5, 2, 5, 4], "texture": "#0"},
				"west": {"uv": [0, 7.5, 0.5, 9.5], "texture": "#0"},
				"up": {"uv": [9.5, 1, 8, 0.5], "texture": "#0"},
				"down": {"uv": [9.5, 1, 8, 1.5], "texture": "#0"}
			}
		},
		{
			"from": [6, 6, 15],
			"to": [10, 10, 16],
			"rotation": {"angle": 0, "axis": "y", "origin": [8, 10, 15]},
			"faces": {
				"north": {"uv": [0, 0, 2, 2], "texture": "#0"},
				"east": {"uv": [6.5, 6, 7, 8], "texture": "#0"},
				"south": {"uv": [0, 2, 2, 4], "texture": "#0"},
				"west": {"uv": [7, 0, 7.5, 2], "texture": "#0"},
				"up": {"uv": [8.5, 2.5, 6.5, 2], "texture": "#0"},
				"down": {"uv": [8.5, 2.5, 6.5, 3], "texture": "#0"}
			}
		},
		{
			"from": [10, 4, 15],
			"to": [13, 7, 16],
			"rotation": {"angle": 0, "axis": "y", "origin": [10, 4, 15]},
			"faces": {
				"north": {"uv": [5, 0, 6.5, 1.5], "texture": "#0"},
				"east": {"uv": [5.5, 7.5, 6, 9], "texture": "#0"},
				"south": {"uv": [5, 1.5, 6.5, 3], "texture": "#0"},
				"west": {"uv": [7.5, 6, 8, 7.5], "texture": "#0"},
				"up": {"uv": [9, 8, 7.5, 7.5], "texture": "#0"},
				"down": {"uv": [9.5, 0, 8, 0.5], "texture": "#0"}
			}
		},
		{
			"from": [11, 0, 15],
			"to": [14, 4, 16],
			"rotation": {"angle": 0, "axis": "y", "origin": [11, 0, 15]},
			"faces": {
				"north": {"uv": [2, 0, 3.5, 2], "texture": "#0"},
				"east": {"uv": [6, 6, 6.5, 8], "texture": "#0"},
				"south": {"uv": [2, 2, 3.5, 4], "texture": "#0"},
				"west": {"uv": [6.5, 0, 7, 2], "texture": "#0"},
				"up": {"uv": [9, 5.5, 7.5, 5], "texture": "#0"},
				"down": {"uv": [9, 5.5, 7.5, 6], "texture": "#0"}
			}
		},
		{
			"from": [3, 9, 15],
			"to": [6, 12, 16],
			"rotation": {"angle": 0, "axis": "y", "origin": [6, 13, 15]},
			"faces": {
				"north": {"uv": [0, 6, 1.5, 7.5], "texture": "#0"},
				"east": {"uv": [8, 3, 8.5, 4.5], "texture": "#0"},
				"south": {"uv": [1.5, 6, 3, 7.5], "texture": "#0"},
				"west": {"uv": [6, 8, 6.5, 9.5], "texture": "#0"},
				"up": {"uv": [9.5, 2, 8, 1.5], "texture": "#0"},
				"down": {"uv": [9.5, 4.5, 8, 5], "texture": "#0"}
			}
		},
		{
			"from": [2, 12, 15],
			"to": [5, 16, 16],
			"rotation": {"angle": 0, "axis": "y", "origin": [6, 16, 15]},
			"faces": {
				"north": {"uv": [3.5, 0, 5, 2], "texture": "#0"},
				"east": {"uv": [7, 6, 7.5, 8], "texture": "#0"},
				"south": {"uv": [3.5, 2, 5, 4], "texture": "#0"},
				"west": {"uv": [0, 7.5, 0.5, 9.5], "texture": "#0"},
				"up": {"uv": [9.5, 1, 8, 0.5], "texture": "#0"},
				"down": {"uv": [9.5, 1, 8, 1.5], "texture": "#0"}
			}
		},
		{
			"from": [10, 4, 15],
			"to": [13, 7, 16],
			"rotation": {"angle": 0, "axis": "y", "origin": [10, 4, 15]},
			"faces": {
				"north": {"uv": [5, 0, 6.5, 1.5], "texture": "#0"},
				"east": {"uv": [5.5, 7.5, 6, 9], "texture": "#0"},
				"south": {"uv": [5, 1.5, 6.5, 3], "texture": "#0"},
				"west": {"uv": [7.5, 6, 8, 7.5], "texture": "#0"},
				"up": {"uv": [9, 8, 7.5, 7.5], "texture": "#0"},
				"down": {"uv": [9.5, 0, 8, 0.5], "texture": "#0"}
			}
		},
		{
			"from": [2, 0, 15],
			"to": [5, 4, 16],
			"rotation": {"angle": 0, "axis": "y", "origin": [6, 0, 15]},
			"faces": {
				"north": {"uv": [0, 4, 1.5, 6], "texture": "#0"},
				"east": {"uv": [7.5, 0, 8, 2], "texture": "#0"},
				"south": {"uv": [1.5, 4, 3, 6], "texture": "#0"},
				"west": {"uv": [0.5, 7.5, 1, 9.5], "texture": "#0"},
				"up": {"uv": [10, 3, 8.5, 2.5], "texture": "#0"},
				"down": {"uv": [10, 3, 8.5, 3.5], "texture": "#0"}
			}
		},
		{
			"from": [3, 4, 15],
			"to": [6, 7, 16],
			"rotation": {"angle": 0, "axis": "y", "origin": [6, 4, 15]},
			"faces": {
				"north": {"uv": [3, 6, 4.5, 7.5], "texture": "#0"},
				"east": {"uv": [8, 6, 8.5, 7.5], "texture": "#0"},
				"south": {"uv": [6, 3, 7.5, 4.5], "texture": "#0"},
				"west": {"uv": [6.5, 8, 7, 9.5], "texture": "#0"},
				"up": {"uv": [8.5, 8.5, 7, 8], "texture": "#0"},
				"down": {"uv": [10, 2, 8.5, 2.5], "texture": "#0"}
			}
		},
		{
			"from": [11, 12, 15],
			"to": [14, 16, 16],
			"rotation": {"angle": 0, "axis": "y", "origin": [11, 16, 15]},
			"faces": {
				"north": {"uv": [3, 4, 4.5, 6], "texture": "#0"},
				"east": {"uv": [1, 7.5, 1.5, 9.5], "texture": "#0"},
				"south": {"uv": [4.5, 4, 6, 6], "texture": "#0"},
				"west": {"uv": [1.5, 7.5, 2, 9.5], "texture": "#0"},
				"up": {"uv": [9, 9, 7.5, 8.5], "texture": "#0"},
				"down": {"uv": [10, 8, 8.5, 8.5], "texture": "#0"}
			}
		},
		{
			"from": [10, 9, 15],
			"to": [13, 12, 16],
			"rotation": {"angle": 0, "axis": "y", "origin": [10, 13, 15]},
			"faces": {
				"north": {"uv": [4.5, 6, 6, 7.5], "texture": "#0"},
				"east": {"uv": [8.5, 6, 9, 7.5], "texture": "#0"},
				"south": {"uv": [6, 4.5, 7.5, 6], "texture": "#0"},
				"west": {"uv": [7, 8.5, 7.5, 10], "texture": "#0"},
				"up": {"uv": [10, 4, 8.5, 3.5], "texture": "#0"},
				"down": {"uv": [10, 4, 8.5, 4.5], "texture": "#0"}
			}
		},
		{
			"from": [10, 7, 15],
			"to": [11, 8, 16],
			"rotation": {"angle": 0, "axis": "y", "origin": [10, 11, 15]},
			"faces": {
				"north": {"uv": [1.5, 10, 2, 10.5], "texture": "#0"},
				"east": {"uv": [2, 10, 2.5, 10.5], "texture": "#0"},
				"south": {"uv": [10, 2, 10.5, 2.5], "texture": "#0"},
				"west": {"uv": [10, 2.5, 10.5, 3], "texture": "#0"},
				"up": {"uv": [10.5, 3.5, 10, 3], "texture": "#0"},
				"down": {"uv": [10.5, 3.5, 10, 4], "texture": "#0"}
			}
		},
		{
			"from": [10, 12, 15],
			"to": [11, 13, 16],
			"rotation": {"angle": 0, "axis": "y", "origin": [10, 16, 15]},
			"faces": {
				"north": {"uv": [6.5, 10, 7, 10.5], "texture": "#0"},
				"east": {"uv": [7, 10, 7.5, 10.5], "texture": "#0"},
				"south": {"uv": [10, 8, 10.5, 8.5], "texture": "#0"},
				"west": {"uv": [9, 10, 9.5, 10.5], "texture": "#0"},
				"up": {"uv": [10, 10.5, 9.5, 10], "texture": "#0"},
				"down": {"uv": [10.5, 10, 10, 10.5], "texture": "#0"}
			}
		},
		{
			"from": [9, 10, 15],
			"to": [10, 11, 16],
			"rotation": {"angle": 0, "axis": "y", "origin": [9, 14, 15]},
			"faces": {
				"north": {"uv": [10.5, 8, 11, 8.5], "texture": "#0"},
				"east": {"uv": [8.5, 10.5, 9, 11], "texture": "#0"},
				"south": {"uv": [10.5, 8.5, 11, 9], "texture": "#0"},
				"west": {"uv": [9, 10.5, 9.5, 11], "texture": "#0"},
				"up": {"uv": [11, 9.5, 10.5, 9], "texture": "#0"},
				"down": {"uv": [10, 10.5, 9.5, 11], "texture": "#0"}
			}
		},
		{
			"from": [6, 5, 15],
			"to": [7, 6, 16],
			"rotation": {"angle": 0, "axis": "y", "origin": [6, 9, 15]},
			"faces": {
				"north": {"uv": [0, 11, 0.5, 11.5], "texture": "#0"},
				"east": {"uv": [11, 0, 11.5, 0.5], "texture": "#0"},
				"south": {"uv": [0.5, 11, 1, 11.5], "texture": "#0"},
				"west": {"uv": [11, 0.5, 11.5, 1], "texture": "#0"},
				"up": {"uv": [1.5, 11.5, 1, 11], "texture": "#0"},
				"down": {"uv": [11.5, 1, 11, 1.5], "texture": "#0"}
			}
		},
		{
			"from": [4, 7, 15],
			"to": [5, 8, 16],
			"rotation": {"angle": 0, "axis": "y", "origin": [4, 11, 15]},
			"faces": {
				"north": {"uv": [1.5, 11, 2, 11.5], "texture": "#0"},
				"east": {"uv": [11, 1.5, 11.5, 2], "texture": "#0"},
				"south": {"uv": [2, 11, 2.5, 11.5], "texture": "#0"},
				"west": {"uv": [11, 2, 11.5, 2.5], "texture": "#0"},
				"up": {"uv": [3, 11.5, 2.5, 11], "texture": "#0"},
				"down": {"uv": [11.5, 2.5, 11, 3], "texture": "#0"}
			}
		},
		{
			"from": [2, 8, 15],
			"to": [3, 10, 16],
			"rotation": {"angle": 0, "axis": "y", "origin": [2, 12, 15]},
			"faces": {
				"north": {"uv": [2.5, 9.5, 3, 10.5], "texture": "#0"},
				"east": {"uv": [3, 9.5, 3.5, 10.5], "texture": "#0"},
				"south": {"uv": [3.5, 9.5, 4, 10.5], "texture": "#0"},
				"west": {"uv": [4, 9.5, 4.5, 10.5], "texture": "#0"},
				"up": {"uv": [5, 11.5, 4.5, 11], "texture": "#0"},
				"down": {"uv": [11.5, 4.5, 11, 5], "texture": "#0"}
			}
		},
		{
			"from": [14, 10, 15],
			"to": [15, 12, 16],
			"rotation": {"angle": 0, "axis": "y", "origin": [14, 14, 15]},
			"faces": {
				"north": {"uv": [4.5, 9.5, 5, 10.5], "texture": "#0"},
				"east": {"uv": [9.5, 4.5, 10, 5.5], "texture": "#0"},
				"south": {"uv": [5, 9.5, 5.5, 10.5], "texture": "#0"},
				"west": {"uv": [9.5, 5.5, 10, 6.5], "texture": "#0"},
				"up": {"uv": [5.5, 11.5, 5, 11], "texture": "#0"},
				"down": {"uv": [11.5, 5, 11, 5.5], "texture": "#0"}
			}
		},
		{
			"from": [11, 8, 15],
			"to": [12, 9, 16],
			"rotation": {"angle": 0, "axis": "y", "origin": [11, 12, 15]},
			"faces": {
				"north": {"uv": [3, 11, 3.5, 11.5], "texture": "#0"},
				"east": {"uv": [11, 3, 11.5, 3.5], "texture": "#0"},
				"south": {"uv": [3.5, 11, 4, 11.5], "texture": "#0"},
				"west": {"uv": [11, 3.5, 11.5, 4], "texture": "#0"},
				"up": {"uv": [4.5, 11.5, 4, 11], "texture": "#0"},
				"down": {"uv": [11.5, 4, 11, 4.5], "texture": "#0"}
			}
		},
		{
			"from": [15, 10, 15],
			"to": [16, 11, 16],
			"rotation": {"angle": 0, "axis": "y", "origin": [15, 14, 15]},
			"faces": {
				"north": {"uv": [5.5, 11, 6, 11.5], "texture": "#0"},
				"east": {"uv": [11, 5.5, 11.5, 6], "texture": "#0"},
				"south": {"uv": [6, 11, 6.5, 11.5], "texture": "#0"},
				"west": {"uv": [11, 6, 11.5, 6.5], "texture": "#0"},
				"up": {"uv": [7, 11.5, 6.5, 11], "texture": "#0"},
				"down": {"uv": [11.5, 6.5, 11, 7], "texture": "#0"}
			}
		},
		{
			"from": [13, 6, 15],
			"to": [14, 7, 16],
			"rotation": {"angle": 0, "axis": "y", "origin": [13, 10, 15]},
			"faces": {
				"north": {"uv": [7, 11, 7.5, 11.5], "texture": "#0"},
				"east": {"uv": [11, 7, 11.5, 7.5], "texture": "#0"},
				"south": {"uv": [7.5, 11, 8, 11.5], "texture": "#0"},
				"west": {"uv": [11, 7.5, 11.5, 8], "texture": "#0"},
				"up": {"uv": [8.5, 11.5, 8, 11], "texture": "#0"},
				"down": {"uv": [11.5, 8, 11, 8.5], "texture": "#0"}
			}
		},
		{
			"from": [1, 4, 15],
			"to": [2, 5, 16],
			"rotation": {"angle": 0, "axis": "y", "origin": [1, 8, 15]},
			"faces": {
				"north": {"uv": [10, 11, 10.5, 11.5], "texture": "#0"},
				"east": {"uv": [11, 10, 11.5, 10.5], "texture": "#0"},
				"south": {"uv": [10.5, 11, 11, 11.5], "texture": "#0"},
				"west": {"uv": [11, 10.5, 11.5, 11], "texture": "#0"},
				"up": {"uv": [11.5, 11.5, 11, 11], "texture": "#0"},
				"down": {"uv": [0.5, 11.5, 0, 12], "texture": "#0"}
			}
		},
		{
			"from": [5, 14, 15],
			"to": [7, 15, 16],
			"rotation": {"angle": 0, "axis": "y", "origin": [5, 18, 15]},
			"faces": {
				"north": {"uv": [6, 9.5, 7, 10], "texture": "#0"},
				"east": {"uv": [11.5, 0, 12, 0.5], "texture": "#0"},
				"south": {"uv": [9.5, 6.5, 10.5, 7], "texture": "#0"},
				"west": {"uv": [0.5, 11.5, 1, 12], "texture": "#0"},
				"up": {"uv": [10.5, 7.5, 9.5, 7], "texture": "#0"},
				"down": {"uv": [10.5, 7.5, 9.5, 8], "texture": "#0"}
			}
		},
		{
			"from": [5, 15, 15],
			"to": [6, 16, 16],
			"rotation": {"angle": 0, "axis": "y", "origin": [5, 19, 15]},
			"faces": {
				"north": {"uv": [11.5, 0.5, 12, 1], "texture": "#0"},
				"east": {"uv": [1, 11.5, 1.5, 12], "texture": "#0"},
				"south": {"uv": [11.5, 1, 12, 1.5], "texture": "#0"},
				"west": {"uv": [1.5, 11.5, 2, 12], "texture": "#0"},
				"up": {"uv": [12, 2, 11.5, 1.5], "texture": "#0"},
				"down": {"uv": [2.5, 11.5, 2, 12], "texture": "#0"}
			}
		},
		{
			"from": [10, 15, 15],
			"to": [11, 16, 16],
			"rotation": {"angle": 0, "axis": "y", "origin": [10, 19, 15]},
			"faces": {
				"north": {"uv": [11.5, 2, 12, 2.5], "texture": "#0"},
				"east": {"uv": [2.5, 11.5, 3, 12], "texture": "#0"},
				"south": {"uv": [11.5, 2.5, 12, 3], "texture": "#0"},
				"west": {"uv": [3, 11.5, 3.5, 12], "texture": "#0"},
				"up": {"uv": [12, 3.5, 11.5, 3], "texture": "#0"},
				"down": {"uv": [4, 11.5, 3.5, 12], "texture": "#0"}
			}
		},
		{
			"from": [9, 0, 15],
			"to": [11, 1, 16],
			"rotation": {"angle": 0, "axis": "y", "origin": [9, 4, 15]},
			"faces": {
				"north": {"uv": [9.5, 8.5, 10.5, 9], "texture": "#0"},
				"east": {"uv": [11.5, 3.5, 12, 4], "texture": "#0"},
				"south": {"uv": [9.5, 9, 10.5, 9.5], "texture": "#0"},
				"west": {"uv": [4, 11.5, 4.5, 12], "texture": "#0"},
				"up": {"uv": [10.5, 10, 9.5, 9.5], "texture": "#0"},
				"down": {"uv": [1.5, 10, 0.5, 10.5], "texture": "#0"}
			}
		},
		{
			"from": [9, 3, 15],
			"to": [10, 4, 16],
			"rotation": {"angle": 0, "axis": "y", "origin": [9, 7, 15]},
			"faces": {
				"north": {"uv": [11.5, 4, 12, 4.5], "texture": "#0"},
				"east": {"uv": [4.5, 11.5, 5, 12], "texture": "#0"},
				"south": {"uv": [11.5, 4.5, 12, 5], "texture": "#0"},
				"west": {"uv": [5, 11.5, 5.5, 12], "texture": "#0"},
				"up": {"uv": [12, 5.5, 11.5, 5], "texture": "#0"},
				"down": {"uv": [6, 11.5, 5.5, 12], "texture": "#0"}
			}
		},
		{
			"from": [1, 9, 15],
			"to": [2, 10, 16],
			"rotation": {"angle": 0, "axis": "y", "origin": [1, 13, 15]},
			"faces": {
				"north": {"uv": [8.5, 11, 9, 11.5], "texture": "#0"},
				"east": {"uv": [11, 8.5, 11.5, 9], "texture": "#0"},
				"south": {"uv": [9, 11, 9.5, 11.5], "texture": "#0"},
				"west": {"uv": [11, 9, 11.5, 9.5], "texture": "#0"},
				"up": {"uv": [10, 11.5, 9.5, 11], "texture": "#0"},
				"down": {"uv": [11.5, 9.5, 11, 10], "texture": "#0"}
			}
		},
		{
			"from": [6, 10, 15],
			"to": [8, 11, 16],
			"rotation": {"angle": 0, "axis": "y", "origin": [6, 14, 15]},
			"faces": {
				"north": {"uv": [5, 3, 6, 3.5], "texture": "#0"},
				"east": {"uv": [10.5, 9.5, 11, 10], "texture": "#0"},
				"south": {"uv": [5, 3.5, 6, 4], "texture": "#0"},
				"west": {"uv": [10, 10.5, 10.5, 11], "texture": "#0"},
				"up": {"uv": [10.5, 0.5, 9.5, 0], "texture": "#0"},
				"down": {"uv": [1.5, 9.5, 0.5, 10], "texture": "#0"}
			}
		},
		{
			"from": [8, 5, 15],
			"to": [10, 6, 16],
			"rotation": {"angle": 0, "axis": "y", "origin": [8, 9, 15]},
			"faces": {
				"north": {"uv": [9.5, 0.5, 10.5, 1], "texture": "#0"},
				"east": {"uv": [10.5, 10, 11, 10.5], "texture": "#0"},
				"south": {"uv": [9.5, 1, 10.5, 1.5], "texture": "#0"},
				"west": {"uv": [10.5, 10.5, 11, 11], "texture": "#0"},
				"up": {"uv": [2.5, 10, 1.5, 9.5], "texture": "#0"},
				"down": {"uv": [10.5, 1.5, 9.5, 2], "texture": "#0"}
			}
		},
		{
			"from": [13, 11, 15],
			"to": [14, 12, 16],
			"rotation": {"angle": 0, "axis": "y", "origin": [13, 15, 15]},
			"faces": {
				"north": {"uv": [10.5, 0, 11, 0.5], "texture": "#0"},
				"east": {"uv": [0.5, 10.5, 1, 11], "texture": "#0"},
				"south": {"uv": [10.5, 0.5, 11, 1], "texture": "#0"},
				"west": {"uv": [1, 10.5, 1.5, 11], "texture": "#0"},
				"up": {"uv": [11, 1.5, 10.5, 1], "texture": "#0"},
				"down": {"uv": [2, 10.5, 1.5, 11], "texture": "#0"}
			}
		},
		{
			"from": [13, 4, 15],
			"to": [14, 5, 16],
			"rotation": {"angle": 0, "axis": "y", "origin": [13, 8, 15]},
			"faces": {
				"north": {"uv": [10.5, 6, 11, 6.5], "texture": "#0"},
				"east": {"uv": [6.5, 10.5, 7, 11], "texture": "#0"},
				"south": {"uv": [10.5, 6.5, 11, 7], "texture": "#0"},
				"west": {"uv": [7, 10.5, 7.5, 11], "texture": "#0"},
				"up": {"uv": [11, 7.5, 10.5, 7], "texture": "#0"},
				"down": {"uv": [8, 10.5, 7.5, 11], "texture": "#0"}
			}
		},
		{
			"from": [2, 11, 15],
			"to": [3, 12, 16],
			"rotation": {"angle": 0, "axis": "y", "origin": [2, 15, 15]},
			"faces": {
				"north": {"uv": [10.5, 1.5, 11, 2], "texture": "#0"},
				"east": {"uv": [2, 10.5, 2.5, 11], "texture": "#0"},
				"south": {"uv": [10.5, 2, 11, 2.5], "texture": "#0"},
				"west": {"uv": [2.5, 10.5, 3, 11], "texture": "#0"},
				"up": {"uv": [11, 3, 10.5, 2.5], "texture": "#0"},
				"down": {"uv": [3.5, 10.5, 3, 11], "texture": "#0"}
			}
		},
		{
			"from": [2, 4, 15],
			"to": [3, 5, 16],
			"rotation": {"angle": 0, "axis": "y", "origin": [2, 8, 15]},
			"faces": {
				"north": {"uv": [10.5, 3, 11, 3.5], "texture": "#0"},
				"east": {"uv": [3.5, 10.5, 4, 11], "texture": "#0"},
				"south": {"uv": [10.5, 3.5, 11, 4], "texture": "#0"},
				"west": {"uv": [4, 10.5, 4.5, 11], "texture": "#0"},
				"up": {"uv": [11, 4.5, 10.5, 4], "texture": "#0"},
				"down": {"uv": [5, 10.5, 4.5, 11], "texture": "#0"}
			}
		},
		{
			"from": [1, 0, 15],
			"to": [2, 3, 16],
			"rotation": {"angle": 0, "axis": "y", "origin": [1, 4, 15]},
			"faces": {
				"north": {"uv": [9, 5, 9.5, 6.5], "texture": "#0"},
				"east": {"uv": [5.5, 9, 6, 10.5], "texture": "#0"},
				"south": {"uv": [9, 6.5, 9.5, 8], "texture": "#0"},
				"west": {"uv": [7.5, 9, 8, 10.5], "texture": "#0"},
				"up": {"uv": [11, 5, 10.5, 4.5], "texture": "#0"},
				"down": {"uv": [5.5, 10.5, 5, 11], "texture": "#0"}
			}
		},
		{
			"from": [1, 12, 15],
			"to": [2, 16, 16],
			"rotation": {"angle": 0, "axis": "y", "origin": [1, 16, 15]},
			"faces": {
				"north": {"uv": [2, 7.5, 2.5, 9.5], "texture": "#0"},
				"east": {"uv": [2.5, 7.5, 3, 9.5], "texture": "#0"},
				"south": {"uv": [3, 7.5, 3.5, 9.5], "texture": "#0"},
				"west": {"uv": [7.5, 3, 8, 5], "texture": "#0"},
				"up": {"uv": [11, 5.5, 10.5, 5], "texture": "#0"},
				"down": {"uv": [6, 10.5, 5.5, 11], "texture": "#0"}
			}
		},
		{
			"from": [14, 0, 15],
			"to": [15, 4, 16],
			"rotation": {"angle": 0, "axis": "y", "origin": [14, 4, 15]},
			"faces": {
				"north": {"uv": [3.5, 7.5, 4, 9.5], "texture": "#0"},
				"east": {"uv": [4, 7.5, 4.5, 9.5], "texture": "#0"},
				"south": {"uv": [4.5, 7.5, 5, 9.5], "texture": "#0"},
				"west": {"uv": [5, 7.5, 5.5, 9.5], "texture": "#0"},
				"up": {"uv": [11, 6, 10.5, 5.5], "texture": "#0"},
				"down": {"uv": [6.5, 10.5, 6, 11], "texture": "#0"}
			}
		},
		{
			"from": [14, 13, 15],
			"to": [15, 16, 16],
			"rotation": {"angle": 0, "axis": "y", "origin": [14, 17, 15]},
			"faces": {
				"north": {"uv": [8, 9, 8.5, 10.5], "texture": "#0"},
				"east": {"uv": [8.5, 9, 9, 10.5], "texture": "#0"},
				"south": {"uv": [9, 8.5, 9.5, 10], "texture": "#0"},
				"west": {"uv": [0, 9.5, 0.5, 11], "texture": "#0"},
				"up": {"uv": [11, 8, 10.5, 7.5], "texture": "#0"},
				"down": {"uv": [8.5, 10.5, 8, 11], "texture": "#0"}
			}
		},
		{
			"from": [5, 8, 15],
			"to": [6, 9, 16],
			"rotation": {"angle": 0, "axis": "y", "origin": [5, 12, 15]},
			"faces": {
				"north": {"uv": [10, 4, 10.5, 4.5], "texture": "#0"},
				"east": {"uv": [10, 4.5, 10.5, 5], "texture": "#0"},
				"south": {"uv": [10, 5, 10.5, 5.5], "texture": "#0"},
				"west": {"uv": [10, 5.5, 10.5, 6], "texture": "#0"},
				"up": {"uv": [6.5, 10.5, 6, 10], "texture": "#0"},
				"down": {"uv": [10.5, 6, 10, 6.5], "texture": "#0"}
			}
		},
		{
			"from": [6, 6, 15],
			"to": [10, 10, 16],
			"rotation": {"angle": 0, "axis": "y", "origin": [8, 10, 15]},
			"faces": {
				"north": {"uv": [0, 0, 2, 2], "texture": "#0"},
				"east": {"uv": [6.5, 6, 7, 8], "texture": "#0"},
				"south": {"uv": [0, 2, 2, 4], "texture": "#0"},
				"west": {"uv": [7, 0, 7.5, 2], "texture": "#0"},
				"up": {"uv": [8.5, 2.5, 6.5, 2], "texture": "#0"},
				"down": {"uv": [8.5, 2.5, 6.5, 3], "texture": "#0"}
			}
		}
	],
	"gui_light": "front",
	"display": {
		"thirdperson_righthand": {
			"rotation": [0, 180, 0],
			"translation": [0, 2.75, 4],
			"scale": [0.6, 0.6, 0.6]
		},
		"thirdperson_lefthand": {
			"rotation": [0, 180, 0],
			"translation": [0, 2.75, 4],
			"scale": [0.6, 0.6, 0.6]
		},
		"firstperson_righthand": {
			"rotation": [0, 90, -36],
			"translation": [3, 0.5, -6]
		},
		"firstperson_lefthand": {
			"rotation": [0, 90, -36],
			"translation": [3, 0.5, -6]
		},
		"ground": {
			"translation": [0, 2.25, -3.25],
			"scale": [0.5, 0.5, 0.5]
		},
		"gui": {
			"rotation": [0, 180, 0]
		},
		"head": {
			"rotation": [0, 180, 0],
			"translation": [0, 0, 14.5]
		},
		"fixed": {
			"translation": [0, 0, -8]
		}
	}
}