{
	"credit": "xR4YM0ND, Notch",
	"textures": {
		"1": "rays_3d_ladders:block/standard/acacia_step_4",
		"2": "rays_3d_ladders:block/standard/acacia_step_3",
		"3": "rays_3d_ladders:block/standard/acacia_step_2",
		"4": "rays_3d_ladders:block/standard/acacia_step_1",
		"5": "rays_3d_ladders:block/standard/acacia_frame_3",
		"6": "rays_3d_ladders:block/standard/acacia_frame_4",
		"particle": "rays_3d_ladders:block/standard/acacia_frame_1"
	},
	"elements": [
		{
			"name": "frame_left",
			"from": [12, 0, 15],
			"to": [14, 16, 16],
			"rotation": {"angle": 0, "axis": "y", "origin": [12, 0, 15]},
			"faces": {
				"north": {"uv": [0, 0, 2, 16], "texture": "#6"},
				"east": {"uv": [4, 0, 5, 16], "texture": "#6"},
				"south": {"uv": [2, 0, 4, 16], "texture": "#6"},
				"west": {"uv": [5, 0, 6, 16], "texture": "#6"},
				"up": {"uv": [8, 1, 6, 0], "texture": "#6"},
				"down": {"uv": [8, 1, 6, 2], "texture": "#6"}
			}
		},
		{
			"name": "frame_right",
			"from": [2, 0, 15],
			"to": [4, 16, 16],
			"rotation": {"angle": 0, "axis": "y", "origin": [2, 0, 15]},
			"faces": {
				"north": {"uv": [0, 0, 2, 16], "texture": "#5"},
				"east": {"uv": [4, 0, 5, 16], "texture": "#5"},
				"south": {"uv": [2, 0, 4, 16], "texture": "#5"},
				"west": {"uv": [5, 0, 6, 16], "texture": "#5"},
				"up": {"uv": [8, 1, 6, 0], "texture": "#5"},
				"down": {"uv": [8, 1, 6, 2], "texture": "#5"}
			}
		},
		{
			"name": "step_4",
			"from": [1, 13, 14],
			"to": [15, 15, 15],
			"rotation": {"angle": 0, "axis": "y", "origin": [1, 13, 14]},
			"faces": {
				"north": {"uv": [0, 0, 14, 2], "texture": "#4"},
				"east": {"uv": [0, 6, 1, 8], "texture": "#4"},
				"south": {"uv": [0, 2, 14, 4], "texture": "#4"},
				"west": {"uv": [1, 6, 2, 8], "texture": "#4"},
				"up": {"uv": [14, 5, 0, 4], "texture": "#4"},
				"down": {"uv": [14, 5, 0, 6], "texture": "#4"}
			}
		},
		{
			"name": "step_3",
			"from": [1, 9, 14],
			"to": [15, 11, 15],
			"rotation": {"angle": 0, "axis": "y", "origin": [1, 9, 14]},
			"faces": {
				"north": {"uv": [0, 0, 14, 2], "texture": "#3"},
				"east": {"uv": [0, 6, 1, 8], "texture": "#3"},
				"south": {"uv": [0, 2, 14, 4], "texture": "#3"},
				"west": {"uv": [1, 6, 2, 8], "texture": "#3"},
				"up": {"uv": [14, 5, 0, 4], "texture": "#3"},
				"down": {"uv": [14, 5, 0, 6], "texture": "#3"}
			}
		},
		{
			"name": "step_2",
			"from": [1, 5, 14],
			"to": [15, 7, 15],
			"rotation": {"angle": 0, "axis": "y", "origin": [1, 5, 14]},
			"faces": {
				"north": {"uv": [0, 0, 14, 2], "texture": "#2"},
				"east": {"uv": [0, 6, 1, 8], "texture": "#2"},
				"south": {"uv": [0, 2, 14, 4], "texture": "#2"},
				"west": {"uv": [1, 6, 2, 8], "texture": "#2"},
				"up": {"uv": [14, 5, 0, 4], "texture": "#2"},
				"down": {"uv": [14, 5, 0, 6], "texture": "#2"}
			}
		},
		{
			"name": "step_1",
			"from": [1, 1, 14],
			"to": [15, 3, 15],
			"rotation": {"angle": 0, "axis": "y", "origin": [1, 1, 14]},
			"faces": {
				"north": {"uv": [0, 0, 14, 2], "texture": "#1"},
				"east": {"uv": [0, 6, 1, 8], "texture": "#1"},
				"south": {"uv": [0, 2, 14, 4], "texture": "#1"},
				"west": {"uv": [1, 6, 2, 8], "texture": "#1"},
				"up": {"uv": [14, 5, 0, 4], "texture": "#1"},
				"down": {"uv": [14, 5, 0, 6], "texture": "#1"}
			}
		}
	],
	"groups": [
		{
			"name": "frame",
			"origin": [8, 8, 8],
			"color": 0,
			"children": [0, 1]
		},
		{
			"name": "steps",
			"origin": [8, 8, 8],
			"color": 0,
			"children": [2, 3, 4, 5]
		}
	]
}