{
	"credit": "Made with Blockbench by xR4YM0ND",
	"texture_size": [32, 32],
	"textures": {
		"0": "chipped:block/ladder/plank_ladder",
		"particle": "chipped:block/ladder/plank_ladder"
	},
	"elements": [
		{
			"from": [1, 2, 15],
			"to": [15, 5, 16],
			"faces": {
				"north": {"uv": [0.5, 4.5, 7.5, 6], "texture": "#0"},
				"east": {"uv": [0, 4.5, 0.5, 6], "texture": "#0"},
				"south": {"uv": [8, 4.5, 15, 6], "texture": "#0"},
				"west": {"uv": [7.5, 4.5, 8, 6], "texture": "#0"},
				"up": {"uv": [7.5, 4.5, 0.5, 4], "texture": "#0"},
				"down": {"uv": [14.5, 4, 7.5, 4.5], "texture": "#0"}
			}
		},
		{
			"from": [1, 7, 15],
			"to": [15, 10, 16],
			"faces": {
				"north": {"uv": [0.5, 2.5, 7.5, 4], "texture": "#0"},
				"east": {"uv": [0, 2.5, 0.5, 4], "texture": "#0"},
				"south": {"uv": [8, 2.5, 15, 4], "texture": "#0"},
				"west": {"uv": [7.5, 2.5, 8, 4], "texture": "#0"},
				"up": {"uv": [7.5, 2.5, 0.5, 2], "texture": "#0"},
				"down": {"uv": [14.5, 2, 7.5, 2.5], "texture": "#0"}
			}
		},
		{
			"from": [1, 12, 15],
			"to": [15, 15, 16],
			"faces": {
				"north": {"uv": [0.5, 0.5, 7.5, 2], "texture": "#0"},
				"east": {"uv": [0, 0.5, 0.5, 2], "texture": "#0"},
				"south": {"uv": [8, 0.5, 15, 2], "texture": "#0"},
				"west": {"uv": [7.5, 0.5, 8, 2], "texture": "#0"},
				"up": {"uv": [7.5, 0.5, 0.5, 0], "texture": "#0"},
				"down": {"uv": [14.5, 0, 7.5, 0.5], "texture": "#0"}
			}
		}
	],
	"gui_light": "front",
	"display": {
		"thirdperson_righthand": {
			"rotation": [0, 180, 0],
			"translation": [0, 1.25, 4.5],
			"scale": [0.6, 0.6, 0.6]
		},
		"thirdperson_lefthand": {
			"rotation": [0, 180, 0],
			"translation": [0, 1.25, 4.5],
			"scale": [0.6, 0.6, 0.6]
		},
		"firstperson_righthand": {
			"rotation": [0, 90, -36],
			"translation": [3, 0.5, -6]
		},
		"firstperson_lefthand": {
			"rotation": [0, 90, -36],
			"translation": [3, 0.5, -6]
		},
		"ground": {
			"translation": [0, 2.25, -3.75],
			"scale": [0.5, 0.5, 0.5]
		},
		"gui": {
			"rotation": [0, 180, 0]
		},
		"head": {
			"rotation": [0, 180, 0],
			"translation": [0, 0, 14.5]
		},
		"fixed": {
			"translation": [0, 0, -8]
		}
	}
}