{
	"credit": "Made with Blockbench by xR4YM0ND",
	"texture_size": [32, 32],
	"textures": {
		"0": "chipped:block/ladder/railed_ladder",
		"particle": "chipped:block/ladder/railed_ladder"
	},
	"elements": [
		{
			"from": [3, 0, 14],
			"to": [4, 16, 15],
			"faces": {
				"north": {"uv": [2.5, 6.5, 3, 14.5], "texture": "#0"},
				"east": {"uv": [2, 6.5, 2.5, 14.5], "texture": "#0"},
				"south": {"uv": [3.5, 6.5, 4, 14.5], "texture": "#0"},
				"west": {"uv": [3, 6.5, 3.5, 14.5], "texture": "#0"},
				"up": {"uv": [3, 6.5, 2.5, 6], "texture": "#0"},
				"down": {"uv": [3.5, 6, 3, 6.5], "texture": "#0"}
			}
		},
		{
			"from": [12, 0, 14],
			"to": [13, 16, 15],
			"faces": {
				"north": {"uv": [0.5, 6.5, 1, 14.5], "texture": "#0"},
				"east": {"uv": [0, 6.5, 0.5, 14.5], "texture": "#0"},
				"south": {"uv": [1.5, 6.5, 2, 14.5], "texture": "#0"},
				"west": {"uv": [1, 6.5, 1.5, 14.5], "texture": "#0"},
				"up": {"uv": [1, 6.5, 0.5, 6], "texture": "#0"},
				"down": {"uv": [1.5, 6, 1, 6.5], "texture": "#0"}
			}
		},
		{
			"from": [2, 1, 15],
			"to": [14, 3, 16],
			"faces": {
				"north": {"uv": [0.5, 5, 6.5, 6], "texture": "#0"},
				"east": {"uv": [0, 5, 0.5, 6], "texture": "#0"},
				"south": {"uv": [7, 5, 13, 6], "texture": "#0"},
				"west": {"uv": [6.5, 5, 7, 6], "texture": "#0"},
				"up": {"uv": [6.5, 5, 0.5, 4.5], "texture": "#0"},
				"down": {"uv": [12.5, 4.5, 6.5, 5], "texture": "#0"}
			}
		},
		{
			"from": [2, 5, 15],
			"to": [14, 7, 16],
			"faces": {
				"north": {"uv": [0.5, 3.5, 6.5, 4.5], "texture": "#0"},
				"east": {"uv": [0, 3.5, 0.5, 4.5], "texture": "#0"},
				"south": {"uv": [7, 3.5, 13, 4.5], "texture": "#0"},
				"west": {"uv": [6.5, 3.5, 7, 4.5], "texture": "#0"},
				"up": {"uv": [6.5, 3.5, 0.5, 3], "texture": "#0"},
				"down": {"uv": [12.5, 3, 6.5, 3.5], "texture": "#0"}
			}
		},
		{
			"from": [2, 9, 15],
			"to": [14, 11, 16],
			"faces": {
				"north": {"uv": [0.5, 2, 6.5, 3], "texture": "#0"},
				"east": {"uv": [0, 2, 0.5, 3], "texture": "#0"},
				"south": {"uv": [7, 2, 13, 3], "texture": "#0"},
				"west": {"uv": [6.5, 2, 7, 3], "texture": "#0"},
				"up": {"uv": [6.5, 2, 0.5, 1.5], "texture": "#0"},
				"down": {"uv": [12.5, 1.5, 6.5, 2], "texture": "#0"}
			}
		},
		{
			"from": [2, 13, 15],
			"to": [14, 15, 16],
			"faces": {
				"north": {"uv": [0.5, 0.5, 6.5, 1.5], "texture": "#0"},
				"east": {"uv": [0, 0.5, 0.5, 1.5], "texture": "#0"},
				"south": {"uv": [7, 0.5, 13, 1.5], "texture": "#0"},
				"west": {"uv": [6.5, 0.5, 7, 1.5], "texture": "#0"},
				"up": {"uv": [6.5, 0.5, 0.5, 0], "texture": "#0"},
				"down": {"uv": [12.5, 0, 6.5, 0.5], "texture": "#0"}
			}
		}
	],
	"gui_light": "front",
	"display": {
		"thirdperson_righthand": {
			"rotation": [0, 180, 0],
			"translation": [0, 2.25, 4.5],
			"scale": [0.6, 0.6, 0.6]
		},
		"thirdperson_lefthand": {
			"rotation": [0, 180, 0],
			"translation": [0, 2.25, 4.5],
			"scale": [0.6, 0.6, 0.6]
		},
		"firstperson_righthand": {
			"rotation": [0, 90, -36],
			"translation": [3, 0.5, -6]
		},
		"firstperson_lefthand": {
			"rotation": [0, 90, -36],
			"translation": [3, 0.5, -6]
		},
		"ground": {
			"translation": [0, 2.25, -3.25],
			"scale": [0.5, 0.5, 0.5]
		},
		"gui": {
			"rotation": [0, 180, 0]
		},
		"head": {
			"rotation": [0, 180, 0],
			"translation": [0, 0, 14.5]
		},
		"fixed": {
			"translation": [0, 0, -8]
		}
	},
	"groups": [
		{
			"name": "rails",
			"origin": [0, 0, 0],
			"color": 0,
			"children": [0, 1]
		},
		{
			"name": "steps",
			"origin": [8, 8, 8],
			"color": 0,
			"children": [2, 3, 4, 5]
		}
	]
}