{
	"credit": "Made with Blockbench by xR4YM0ND",
	"texture_size": [32, 32],
	"textures": {
		"0": "chipped:block/ladder/roped_ladder",
		"particle": "chipped:block/ladder/roped_ladder"
	},
	"elements": [
		{
			"from": [12, 0, 14],
			"to": [13, 16, 15],
			"faces": {
				"north": {"uv": [2.5, 3.5, 3, 11.5], "texture": "#0"},
				"east": {"uv": [2, 3.5, 2.5, 11.5], "texture": "#0"},
				"south": {"uv": [3.5, 3.5, 4, 11.5], "texture": "#0"},
				"west": {"uv": [3, 3.5, 3.5, 11.5], "texture": "#0"},
				"up": {"uv": [3, 3.5, 2.5, 3], "texture": "#0"},
				"down": {"uv": [3.5, 3, 3, 3.5], "texture": "#0"}
			}
		},
		{
			"from": [3, 0, 14],
			"to": [4, 16, 15],
			"faces": {
				"north": {"uv": [0.5, 3.5, 1, 11.5], "texture": "#0"},
				"east": {"uv": [0, 3.5, 0.5, 11.5], "texture": "#0"},
				"south": {"uv": [1.5, 3.5, 2, 11.5], "texture": "#0"},
				"west": {"uv": [1, 3.5, 1.5, 11.5], "texture": "#0"},
				"up": {"uv": [1, 3.5, 0.5, 3], "texture": "#0"},
				"down": {"uv": [1.5, 3, 1, 3.5], "texture": "#0"}
			}
		},
		{
			"from": [2, 14, 13.75],
			"to": [14, 15, 15.25],
			"faces": {
				"north": {"uv": [0.5, 2.5, 6.5, 3], "texture": "#0"},
				"east": {"uv": [0, 2.5, 0.5, 3], "texture": "#0"},
				"south": {"uv": [7, 2.5, 13, 3], "texture": "#0"},
				"west": {"uv": [6.5, 2.5, 7, 3], "texture": "#0"},
				"up": {"uv": [6.5, 2.5, 0.5, 2], "texture": "#0"},
				"down": {"uv": [12.5, 2, 6.5, 2.5], "texture": "#0"}
			}
		},
		{
			"from": [2, 8, 13.75],
			"to": [14, 9, 15.25],
			"faces": {
				"north": {"uv": [0.5, 1.5, 6.5, 2], "texture": "#0"},
				"east": {"uv": [0, 1.5, 0.5, 2], "texture": "#0"},
				"south": {"uv": [7, 1.5, 13, 2], "texture": "#0"},
				"west": {"uv": [6.5, 1.5, 7, 2], "texture": "#0"},
				"up": {"uv": [6.5, 1.5, 0.5, 1], "texture": "#0"},
				"down": {"uv": [12.5, 1, 6.5, 1.5], "texture": "#0"}
			}
		},
		{
			"from": [2, 2, 13.75],
			"to": [14, 3, 15.25],
			"faces": {
				"north": {"uv": [0.5, 0.5, 6.5, 1], "texture": "#0"},
				"east": {"uv": [0, 0.5, 0.5, 1], "texture": "#0"},
				"south": {"uv": [7, 0.5, 13, 1], "texture": "#0"},
				"west": {"uv": [6.5, 0.5, 7, 1], "texture": "#0"},
				"up": {"uv": [6.5, 0.5, 0.5, 0], "texture": "#0"},
				"down": {"uv": [12.5, 0, 6.5, 0.5], "texture": "#0"}
			}
		},
		{
			"from": [2.85, 7.5, 13.85],
			"to": [4.15, 8.8, 15.15],
			"faces": {
				"north": {"uv": [6, 6, 6.5, 6.5], "texture": "#0"},
				"east": {"uv": [5.5, 6, 6, 6.5], "texture": "#0"},
				"south": {"uv": [7, 6, 7.5, 6.5], "texture": "#0"},
				"west": {"uv": [6.5, 6, 7, 6.5], "texture": "#0"},
				"up": {"uv": [6.5, 6, 6, 5.5], "texture": "#0"},
				"down": {"uv": [7, 5.5, 6.5, 6], "texture": "#0"}
			}
		},
		{
			"from": [2.85, 13.5, 13.85],
			"to": [4.15, 14.8, 15.15],
			"faces": {
				"north": {"uv": [4.5, 5.5, 5, 6], "texture": "#0"},
				"east": {"uv": [4, 5.5, 4.5, 6], "texture": "#0"},
				"south": {"uv": [5.5, 5.5, 6, 6], "texture": "#0"},
				"west": {"uv": [5, 5.5, 5.5, 6], "texture": "#0"},
				"up": {"uv": [5, 5.5, 4.5, 5], "texture": "#0"},
				"down": {"uv": [5.5, 5, 5, 5.5], "texture": "#0"}
			}
		},
		{
			"from": [11.85, 13.5, 13.85],
			"to": [13.15, 14.8, 15.15],
			"faces": {
				"north": {"uv": [4.5, 4.5, 5, 5], "texture": "#0"},
				"east": {"uv": [4, 4.5, 4.5, 5], "texture": "#0"},
				"south": {"uv": [5.5, 4.5, 6, 5], "texture": "#0"},
				"west": {"uv": [5, 4.5, 5.5, 5], "texture": "#0"},
				"up": {"uv": [5, 4.5, 4.5, 4], "texture": "#0"},
				"down": {"uv": [5.5, 4, 5, 4.5], "texture": "#0"}
			}
		},
		{
			"from": [2.85, 1.5, 13.85],
			"to": [4.15, 2.8, 15.15],
			"faces": {
				"north": {"uv": [6, 4, 6.5, 4.5], "texture": "#0"},
				"east": {"uv": [5.5, 4, 6, 4.5], "texture": "#0"},
				"south": {"uv": [7, 4, 7.5, 4.5], "texture": "#0"},
				"west": {"uv": [6.5, 4, 7, 4.5], "texture": "#0"},
				"up": {"uv": [6.5, 4, 6, 3.5], "texture": "#0"},
				"down": {"uv": [7, 3.5, 6.5, 4], "texture": "#0"}
			}
		},
		{
			"from": [11.85, 7.5, 13.85],
			"to": [13.15, 8.8, 15.15],
			"faces": {
				"north": {"uv": [6, 5, 6.5, 5.5], "texture": "#0"},
				"east": {"uv": [5.5, 5, 6, 5.5], "texture": "#0"},
				"south": {"uv": [7, 5, 7.5, 5.5], "texture": "#0"},
				"west": {"uv": [6.5, 5, 7, 5.5], "texture": "#0"},
				"up": {"uv": [6.5, 5, 6, 4.5], "texture": "#0"},
				"down": {"uv": [7, 4.5, 6.5, 5], "texture": "#0"}
			}
		},
		{
			"from": [11.85, 1.5, 13.85],
			"to": [13.15, 2.8, 15.15],
			"faces": {
				"north": {"uv": [4.5, 3.5, 5, 4], "texture": "#0"},
				"east": {"uv": [4, 3.5, 4.5, 4], "texture": "#0"},
				"south": {"uv": [5.5, 3.5, 6, 4], "texture": "#0"},
				"west": {"uv": [5, 3.5, 5.5, 4], "texture": "#0"},
				"up": {"uv": [5, 3.5, 4.5, 3], "texture": "#0"},
				"down": {"uv": [5.5, 3, 5, 3.5], "texture": "#0"}
			}
		}
	],
	"gui_light": "front",
	"display": {
		"thirdperson_righthand": {
			"rotation": [0, 180, 0],
			"translation": [0, 2, 4],
			"scale": [0.6, 0.6, 0.6]
		},
		"thirdperson_lefthand": {
			"rotation": [0, 180, 0],
			"translation": [0, 2, 4],
			"scale": [0.6, 0.6, 0.6]
		},
		"firstperson_righthand": {
			"rotation": [0, 90, -36],
			"translation": [3, 0.5, -6]
		},
		"firstperson_lefthand": {
			"rotation": [0, 90, -36],
			"translation": [3, 0.5, -6]
		},
		"ground": {
			"translation": [0, 2.25, -3.25],
			"scale": [0.5, 0.5, 0.5]
		},
		"gui": {
			"rotation": [0, 180, 0]
		},
		"head": {
			"rotation": [0, 180, 0],
			"translation": [0, 0, 13.5]
		},
		"fixed": {
			"translation": [0, 0, -7.25]
		}
	},
	"groups": [
		{
			"name": "ropes",
			"origin": [8, 8, 8],
			"color": 0,
			"children": [0, 1]
		},
		{
			"name": "steps",
			"origin": [8, 8, 8],
			"color": 0,
			"children": [2, 3, 4]
		},
		{
			"name": "knots",
			"origin": [8, 8, 8],
			"color": 0,
			"children": [5, 6, 7, 8, 9, 10]
		}
	]
}