{
	"credit": "xR4YM0ND, Notch",
	"textures": {
		"0": "rays_3d_ladders:block/create/zinc_rail_1",
		"1": "rays_3d_ladders:block/create/zinc_step_1",
		"2": "rays_3d_ladders:block/create/zinc_step_2",
		"3": "rays_3d_ladders:block/create/zinc_step_3",
		"4": "rays_3d_ladders:block/create/zinc_step_4",
		"5": "rays_3d_ladders:block/create/zinc_rail_2",
		"6": "rays_3d_ladders:block/create/zinc_support_1",
		"7": "rays_3d_ladders:block/create/zinc_hoop_1",
		"8": "rays_3d_ladders:block/create/zinc_hoop_2",
		"particle": "rays_3d_ladders:block/create/zinc_step_1"
	},
	"elements": [
		{
			"name": "rail_left",
			"from": [12, 0, 12.5],
			"to": [13, 16, 14],
			"rotation": {"angle": 0, "axis": "y", "origin": [12, 0, 12.5]},
			"faces": {
				"north": {"uv": [4, 0, 5, 16], "texture": "#0"},
				"east": {"uv": [0, 0, 2, 16], "texture": "#0"},
				"south": {"uv": [5, 0, 6, 16], "texture": "#0"},
				"west": {"uv": [2, 0, 4, 16], "texture": "#0"},
				"up": {"uv": [7, 2, 6, 0], "texture": "#0"},
				"down": {"uv": [7, 2, 6, 4], "texture": "#0"}
			}
		},
		{
			"name": "rail_right",
			"from": [3, 0, 12.5],
			"to": [4, 16, 14],
			"rotation": {"angle": 0, "axis": "y", "origin": [3, 0, 12.5]},
			"faces": {
				"north": {"uv": [4, 0, 5, 16], "texture": "#5"},
				"east": {"uv": [0, 0, 2, 16], "texture": "#5"},
				"south": {"uv": [5, 0, 6, 16], "texture": "#5"},
				"west": {"uv": [2, 0, 4, 16], "texture": "#5"},
				"up": {"uv": [7, 2, 6, 0], "texture": "#5"},
				"down": {"uv": [7, 2, 6, 4], "texture": "#5"}
			}
		},
		{
			"name": "step_5",
			"from": [4, 13, 13],
			"to": [12, 14, 14],
			"rotation": {"angle": 0, "axis": "y", "origin": [4, 13, 13]},
			"faces": {
				"north": {"uv": [0, 0, 8, 1], "texture": "#4"},
				"east": {"uv": [0, 4, 1, 5], "texture": "#4"},
				"south": {"uv": [0, 1, 8, 2], "texture": "#4"},
				"west": {"uv": [1, 4, 2, 5], "texture": "#4"},
				"up": {"uv": [8, 3, 0, 2], "texture": "#4"},
				"down": {"uv": [8, 3, 0, 4], "texture": "#4"}
			}
		},
		{
			"name": "step_4",
			"from": [4, 10, 13],
			"to": [12, 11, 14],
			"rotation": {"angle": 0, "axis": "y", "origin": [4, 10, 13]},
			"faces": {
				"north": {"uv": [0, 0, 8, 1], "texture": "#3"},
				"east": {"uv": [0, 4, 1, 5], "texture": "#3"},
				"south": {"uv": [0, 1, 8, 2], "texture": "#3"},
				"west": {"uv": [1, 4, 2, 5], "texture": "#3"},
				"up": {"uv": [8, 3, 0, 2], "texture": "#3"},
				"down": {"uv": [8, 3, 0, 4], "texture": "#3"}
			}
		},
		{
			"name": "step_3",
			"from": [4, 7, 13],
			"to": [12, 8, 14],
			"rotation": {"angle": 0, "axis": "y", "origin": [4, 7, 13]},
			"faces": {
				"north": {"uv": [0, 0, 8, 1], "texture": "#1"},
				"east": {"uv": [0, 4, 1, 5], "texture": "#1"},
				"south": {"uv": [0, 1, 8, 2], "texture": "#1"},
				"west": {"uv": [1, 4, 2, 5], "texture": "#1"},
				"up": {"uv": [8, 3, 0, 2], "texture": "#1"},
				"down": {"uv": [8, 3, 0, 4], "texture": "#1"}
			}
		},
		{
			"name": "step_2",
			"from": [4, 4, 13],
			"to": [12, 5, 14],
			"rotation": {"angle": 0, "axis": "y", "origin": [4, 4, 13]},
			"faces": {
				"north": {"uv": [0, 0, 8, 1], "texture": "#2"},
				"east": {"uv": [0, 4, 1, 5], "texture": "#2"},
				"south": {"uv": [0, 1, 8, 2], "texture": "#2"},
				"west": {"uv": [1, 4, 2, 5], "texture": "#2"},
				"up": {"uv": [8, 3, 0, 2], "texture": "#2"},
				"down": {"uv": [8, 3, 0, 4], "texture": "#2"}
			}
		},
		{
			"name": "step_1",
			"from": [4, 1, 13],
			"to": [12, 2, 14],
			"rotation": {"angle": 0, "axis": "y", "origin": [4, 1, 13]},
			"faces": {
				"north": {"uv": [0, 0, 8, 1], "texture": "#1"},
				"east": {"uv": [0, 4, 1, 5], "texture": "#1"},
				"south": {"uv": [0, 1, 8, 2], "texture": "#1"},
				"west": {"uv": [1, 4, 2, 5], "texture": "#1"},
				"up": {"uv": [8, 3, 0, 2], "texture": "#1"},
				"down": {"uv": [8, 3, 0, 4], "texture": "#1"}
			}
		},
		{
			"name": "support_left_upper",
			"from": [12, 11, 14],
			"to": [13, 12, 16],
			"rotation": {"angle": 0, "axis": "y", "origin": [12, 11, 14]},
			"faces": {
				"north": {"uv": [1, 2, 2, 3], "texture": "#6"},
				"east": {"uv": [0, 0, 2, 1], "texture": "#6"},
				"south": {"uv": [2, 2, 3, 3], "texture": "#6"},
				"west": {"uv": [0, 1, 2, 2], "texture": "#6"},
				"up": {"uv": [1, 4, 0, 2], "texture": "#6"},
				"down": {"uv": [3, 0, 2, 2], "texture": "#6"}
			}
		},
		{
			"name": "support_left_lower",
			"from": [12, 3, 14],
			"to": [13, 4, 16],
			"rotation": {"angle": 0, "axis": "y", "origin": [12, 3, 14]},
			"faces": {
				"north": {"uv": [1, 2, 2, 3], "texture": "#6"},
				"east": {"uv": [0, 0, 2, 1], "texture": "#6"},
				"south": {"uv": [2, 2, 3, 3], "texture": "#6"},
				"west": {"uv": [0, 1, 2, 2], "texture": "#6"},
				"up": {"uv": [1, 4, 0, 2], "texture": "#6"},
				"down": {"uv": [3, 0, 2, 2], "texture": "#6"}
			}
		},
		{
			"name": "support_right_upper",
			"from": [3, 11, 14],
			"to": [4, 12, 16],
			"rotation": {"angle": 0, "axis": "y", "origin": [3, 11, 14]},
			"faces": {
				"north": {"uv": [1, 2, 2, 3], "texture": "#6"},
				"east": {"uv": [0, 0, 2, 1], "texture": "#6"},
				"south": {"uv": [2, 2, 3, 3], "texture": "#6"},
				"west": {"uv": [0, 1, 2, 2], "texture": "#6"},
				"up": {"uv": [1, 4, 0, 2], "texture": "#6"},
				"down": {"uv": [3, 0, 2, 2], "texture": "#6"}
			}
		},
		{
			"name": "support_right_lower",
			"from": [3, 3, 14],
			"to": [4, 4, 16],
			"rotation": {"angle": 0, "axis": "y", "origin": [3, 3, 14]},
			"faces": {
				"north": {"uv": [1, 2, 2, 3], "texture": "#6"},
				"east": {"uv": [0, 0, 2, 1], "texture": "#6"},
				"south": {"uv": [2, 2, 3, 3], "texture": "#6"},
				"west": {"uv": [0, 1, 2, 2], "texture": "#6"},
				"up": {"uv": [1, 4, 0, 2], "texture": "#6"},
				"down": {"uv": [3, 0, 2, 2], "texture": "#6"}
			}
		},
		{
			"name": "left_extension",
			"from": [12, 16, 12.5],
			"to": [13, 18, 14],
			"rotation": {"angle": 0, "axis": "y", "origin": [12, 16, 12.5]},
			"faces": {
				"north": {"uv": [6, 4, 7, 6], "texture": "#8", "cullface": "up"},
				"east": {"uv": [2, 4, 4, 6], "texture": "#8", "cullface": "up"},
				"south": {"uv": [6, 6, 7, 8], "texture": "#8", "cullface": "up"},
				"west": {"uv": [4, 4, 6, 6], "texture": "#8", "cullface": "up"},
				"up": {"uv": [8, 2, 7, 0], "texture": "#8", "cullface": "up"},
				"down": {"uv": [8, 2, 7, 4], "texture": "#8", "cullface": "up"}
			}
		},
		{
			"name": "left_overhang",
			"from": [12, 18, 12.5],
			"to": [13, 19.5, 19.5],
			"rotation": {"angle": 0, "axis": "y", "origin": [12, 18, 12.5]},
			"faces": {
				"north": {"uv": [7, 4, 8, 6], "texture": "#8", "cullface": "up"},
				"east": {"uv": [0, 0, 7, 2], "texture": "#8", "cullface": "up"},
				"south": {"uv": [7, 6, 8, 8], "texture": "#8", "cullface": "up"},
				"west": {"uv": [0, 2, 7, 4], "texture": "#8", "cullface": "up"},
				"up": {"uv": [1, 11, 0, 4], "texture": "#8", "cullface": "up"},
				"down": {"uv": [2, 4, 1, 11], "texture": "#8", "cullface": "up"}
			}
		},
		{
			"name": "left_dropdown",
			"from": [12, 16, 18],
			"to": [13, 18, 19.5],
			"rotation": {"angle": 0, "axis": "y", "origin": [12, 16, 18.5]},
			"faces": {
				"north": {"uv": [8, 0, 9, 2], "texture": "#8", "cullface": "up"},
				"east": {"uv": [2, 6, 4, 8], "texture": "#8", "cullface": "up"},
				"south": {"uv": [2, 8, 3, 10], "texture": "#8", "cullface": "up"},
				"west": {"uv": [4, 6, 6, 8], "texture": "#8", "cullface": "up"},
				"up": {"uv": [9, 4, 8, 2], "texture": "#8", "cullface": "up"},
				"down": {"uv": [4, 8, 3, 10], "texture": "#8", "cullface": "up"}
			}
		},
		{
			"name": "right_extension",
			"from": [3, 16, 12.5],
			"to": [4, 18, 14],
			"rotation": {"angle": 0, "axis": "y", "origin": [3, 16, 12.5]},
			"faces": {
				"north": {"uv": [6, 4, 7, 6], "texture": "#7", "cullface": "up"},
				"east": {"uv": [2, 4, 4, 6], "texture": "#7", "cullface": "up"},
				"south": {"uv": [6, 6, 7, 8], "texture": "#7", "cullface": "up"},
				"west": {"uv": [4, 4, 6, 6], "texture": "#7", "cullface": "up"},
				"up": {"uv": [8, 2, 7, 0], "texture": "#7", "cullface": "up"},
				"down": {"uv": [8, 2, 7, 4], "texture": "#7", "cullface": "up"}
			}
		},
		{
			"name": "right_overhang",
			"from": [3, 18, 12.5],
			"to": [4, 19.496, 19.5],
			"rotation": {"angle": 0, "axis": "y", "origin": [3, 18, 12.5]},
			"faces": {
				"north": {"uv": [7, 4, 8, 6], "texture": "#7", "cullface": "up"},
				"east": {"uv": [0, 0, 7, 2], "texture": "#7", "cullface": "up"},
				"south": {"uv": [7, 6, 8, 8], "texture": "#7", "cullface": "up"},
				"west": {"uv": [0, 2, 7, 4], "texture": "#7", "cullface": "up"},
				"up": {"uv": [1, 11, 0, 4], "texture": "#7", "cullface": "up"},
				"down": {"uv": [2, 4, 1, 11], "texture": "#7", "cullface": "up"}
			}
		},
		{
			"name": "right_dropdown",
			"from": [3, 16, 18],
			"to": [4, 18, 19.5],
			"rotation": {"angle": 0, "axis": "y", "origin": [3, 16, 18.5]},
			"faces": {
				"north": {"uv": [8, 0, 9, 2], "texture": "#7", "cullface": "up"},
				"east": {"uv": [2, 6, 4, 8], "texture": "#7", "cullface": "up"},
				"south": {"uv": [2, 8, 3, 10], "texture": "#7", "cullface": "up"},
				"west": {"uv": [4, 6, 6, 8], "texture": "#7", "cullface": "up"},
				"up": {"uv": [9, 4, 8, 2], "texture": "#7", "cullface": "up"},
				"down": {"uv": [4, 8, 3, 10], "texture": "#7", "cullface": "up"}
			}
		}
	],
	"groups": [
		{
			"name": "rails",
			"origin": [8, 8, 8],
			"color": 0,
			"children": [0, 1]
		},
		{
			"name": "steps",
			"origin": [8, 8, 8],
			"color": 0,
			"children": [2, 3, 4, 5, 6]
		},
		{
			"name": "supports",
			"origin": [8, 8, 8],
			"color": 0,
			"children": [7, 8, 9, 10]
		},
		{
			"name": "hoops",
			"origin": [8, 8, 8],
			"color": 0,
			"children": [11, 12, 13, 14, 15, 16]
		}
	]
}