{
	"credit": "Made with Blockbench, by xR4YM0ND",
	"texture_size": [32, 32],
	"textures": {
		"1": "quark:block/iron_ladder",
		"particle": "quark:block/iron_ladder"
	},
	"elements": [
		{
			"from": [12, 0, 15],
			"to": [14, 16, 16],
			"faces": {
				"north": {"uv": [0, 0, 1, 8], "texture": "#1"},
				"east": {"uv": [0, 8, 0.5, 16], "texture": "#1"},
				"south": {"uv": [1, 0, 2, 8], "texture": "#1"},
				"west": {"uv": [0.5, 8, 1, 16], "texture": "#1"},
				"up": {"uv": [3, 10.5, 2, 10], "texture": "#1"},
				"down": {"uv": [4, 10, 3, 10.5], "texture": "#1"}
			}
		},
		{
			"from": [2, 0, 15],
			"to": [4, 16, 16],
			"faces": {
				"north": {"uv": [2, 0, 3, 8], "texture": "#1"},
				"east": {"uv": [1, 8, 1.5, 16], "texture": "#1"},
				"south": {"uv": [3, 0, 4, 8], "texture": "#1"},
				"west": {"uv": [1.5, 8, 2, 16], "texture": "#1"},
				"up": {"uv": [5, 10.5, 4, 10], "texture": "#1"},
				"down": {"uv": [6, 10, 5, 10.5], "texture": "#1"}
			}
		},
		{
			"from": [1, 1, 14],
			"to": [15, 3, 15],
			"faces": {
				"north": {"uv": [4, 0, 11, 1], "texture": "#1"},
				"east": {"uv": [6, 10, 6.5, 11], "texture": "#1"},
				"south": {"uv": [4, 1, 11, 2], "texture": "#1"},
				"west": {"uv": [6.5, 10, 7, 11], "texture": "#1"},
				"up": {"uv": [9, 8.5, 2, 8], "texture": "#1"},
				"down": {"uv": [9, 8.5, 2, 9], "texture": "#1"}
			}
		},
		{
			"from": [1, 5, 14],
			"to": [15, 7, 15],
			"faces": {
				"north": {"uv": [4, 2, 11, 3], "texture": "#1"},
				"east": {"uv": [7, 10, 7.5, 11], "texture": "#1"},
				"south": {"uv": [4, 3, 11, 4], "texture": "#1"},
				"west": {"uv": [7.5, 10, 8, 11], "texture": "#1"},
				"up": {"uv": [9, 9.5, 2, 9], "texture": "#1"},
				"down": {"uv": [16, 8, 9, 8.5], "texture": "#1"}
			}
		},
		{
			"from": [1, 9, 14],
			"to": [15, 11, 15],
			"faces": {
				"north": {"uv": [4, 4, 11, 5], "texture": "#1"},
				"east": {"uv": [8, 10, 8.5, 11], "texture": "#1"},
				"south": {"uv": [4, 5, 11, 6], "texture": "#1"},
				"west": {"uv": [8.5, 10, 9, 11], "texture": "#1"},
				"up": {"uv": [16, 9, 9, 8.5], "texture": "#1"},
				"down": {"uv": [16, 9, 9, 9.5], "texture": "#1"}
			}
		},
		{
			"from": [1, 13, 14],
			"to": [15, 15, 15],
			"faces": {
				"north": {"uv": [4, 6, 11, 7], "texture": "#1"},
				"east": {"uv": [9, 10, 9.5, 11], "texture": "#1"},
				"south": {"uv": [4, 7, 11, 8], "texture": "#1"},
				"west": {"uv": [9.5, 10, 10, 11], "texture": "#1"},
				"up": {"uv": [9, 10, 2, 9.5], "texture": "#1"},
				"down": {"uv": [16, 9.5, 9, 10], "texture": "#1"}
			}
		}
	],
	"gui_light": "front",
	"display": {
		"thirdperson_righthand": {
			"rotation": [0, 180, 0],
			"translation": [0, 2.25, 4],
			"scale": [0.6, 0.6, 0.6]
		},
		"thirdperson_lefthand": {
			"rotation": [0, 180, 0],
			"translation": [0, 2.25, 4],
			"scale": [0.6, 0.6, 0.6]
		},
		"firstperson_righthand": {
			"rotation": [0, 90, -36],
			"translation": [3, 0.5, -6]
		},
		"firstperson_lefthand": {
			"rotation": [0, 90, -36],
			"translation": [3, 0.5, -6]
		},
		"ground": {
			"translation": [0, 2.25, -3.25],
			"scale": [0.5, 0.5, 0.5]
		},
		"gui": {
			"rotation": [0, 180, 0]
		},
		"head": {
			"rotation": [0, 180, 0],
			"translation": [0, 0, 14.5]
		},
		"fixed": {
			"translation": [0, 0, -8]
		}
	},
	"groups": [
		{
			"name": "rail",
			"origin": [8, 8, 8],
			"color": 0,
			"children": [0, 1]
		},
		{
			"name": "steps",
			"origin": [8, 8, 8],
			"color": 0,
			"children": [2, 3, 4, 5]
		}
	]
}