{
	"credit": "Made with Blockbench, by xR4YM0ND",
	"texture_size": [64, 64],
	"textures": {
		"0": "quark:block/crimson_ladder",
		"particle": "quark:block/crimson_ladder"
	},
	"elements": [
		{
			"from": [0, 0, 14],
			"to": [2, 16, 16],
			"rotation": {"angle": 0, "axis": "y", "origin": [0, 0, 14]},
			"faces": {
				"north": {"uv": [2.5, 4, 3, 8], "texture": "#0"},
				"east": {"uv": [3, 4.5, 3.5, 8.5], "texture": "#0"},
				"south": {"uv": [3.5, 4.5, 4, 8.5], "texture": "#0"},
				"west": {"uv": [4, 4.5, 4.5, 8.5], "texture": "#0"},
				"up": {"uv": [2.25, 6.25, 1.75, 5.75], "texture": "#0"},
				"down": {"uv": [6.25, 5.25, 5.75, 5.75], "texture": "#0"}
			}
		},
		{
			"from": [14, 0, 14],
			"to": [16, 16, 16],
			"rotation": {"angle": 0, "axis": "y", "origin": [14, 0, 14]},
			"faces": {
				"north": {"uv": [4.5, 4.5, 5, 8.5], "texture": "#0"},
				"east": {"uv": [5, 4.5, 5.5, 8.5], "texture": "#0"},
				"south": {"uv": [0, 5.5, 0.5, 9.5], "texture": "#0"},
				"west": {"uv": [5.5, 0, 6, 4], "texture": "#0"},
				"up": {"uv": [6.25, 6.25, 5.75, 5.75], "texture": "#0"},
				"down": {"uv": [6.5, 0, 6, 0.5], "texture": "#0"}
			}
		},
		{
			"from": [5, 0, 15],
			"to": [11, 16, 16],
			"rotation": {"angle": 0, "axis": "y", "origin": [5, 0, 15]},
			"faces": {
				"north": {"uv": [0, 0, 1.5, 4], "texture": "#0"},
				"east": {"uv": [0.5, 5.5, 0.75, 9.5], "texture": "#0"},
				"south": {"uv": [1.5, 0, 3, 4], "texture": "#0"},
				"west": {"uv": [0.75, 5.5, 1, 9.5], "texture": "#0"},
				"up": {"uv": [2.5, 5.75, 1, 5.5], "texture": "#0"},
				"down": {"uv": [7, 5, 5.5, 5.25], "texture": "#0"}
			}
		},
		{
			"from": [3, 1, 14],
			"to": [13, 7, 15],
			"rotation": {"angle": 0, "axis": "y", "origin": [3, 1, 14]},
			"faces": {
				"north": {"uv": [3, 0, 5.5, 1.5], "texture": "#0"},
				"east": {"uv": [5.5, 5.25, 5.75, 6.75], "texture": "#0"},
				"south": {"uv": [3, 1.5, 5.5, 3], "texture": "#0"},
				"west": {"uv": [1, 5.75, 1.25, 7.25], "texture": "#0"},
				"up": {"uv": [8, 4.25, 5.5, 4], "texture": "#0"},
				"down": {"uv": [8, 4.25, 5.5, 4.5], "texture": "#0"}
			}
		},
		{
			"from": [3, 9, 14],
			"to": [13, 15, 15],
			"rotation": {"angle": 0, "axis": "y", "origin": [3, 9, 14]},
			"faces": {
				"north": {"uv": [3, 3, 5.5, 4.5], "texture": "#0"},
				"east": {"uv": [1.25, 5.75, 1.5, 7.25], "texture": "#0"},
				"south": {"uv": [0, 4, 2.5, 5.5], "texture": "#0"},
				"west": {"uv": [1.5, 5.75, 1.75, 7.25], "texture": "#0"},
				"up": {"uv": [8, 4.75, 5.5, 4.5], "texture": "#0"},
				"down": {"uv": [8, 4.75, 5.5, 5], "texture": "#0"}
			}
		}
	],
	"gui_light": "front",
	"display": {
		"thirdperson_righthand": {
			"rotation": [0, 180, 0],
			"translation": [0, 2.75, 4],
			"scale": [0.6, 0.6, 0.6]
		},
		"thirdperson_lefthand": {
			"rotation": [0, 180, 0],
			"translation": [0, 2.75, 4],
			"scale": [0.6, 0.6, 0.6]
		},
		"firstperson_righthand": {
			"rotation": [0, 90, -36],
			"translation": [3, 0.5, -6]
		},
		"firstperson_lefthand": {
			"rotation": [0, 90, -36],
			"translation": [3, 0.5, -6]
		},
		"ground": {
			"translation": [0, 2.25, -3.25],
			"scale": [0.5, 0.5, 0.5]
		},
		"gui": {
			"rotation": [0, 180, 0]
		},
		"head": {
			"rotation": [0, 180, 0],
			"translation": [0, 0, 14.5]
		},
		"fixed": {
			"translation": [0, 0, -8]
		}
	}
}