{
	"credit": "Made with Blockbench, by xR4YM0ND",
	"texture_size": [32, 32],
	"textures": {
		"0": "quark:block/mangrove_ladder",
		"particle": "quark:block/mangrove_ladder"
	},
	"elements": [
		{
			"from": [2, 0, 15],
			"to": [4, 16, 16],
			"rotation": {"angle": 0, "axis": "y", "origin": [2, 0, 15]},
			"faces": {
				"north": {"uv": [7, 1.5, 8, 9.5], "texture": "#0"},
				"east": {"uv": [3, 7.5, 3.5, 15.5], "texture": "#0"},
				"south": {"uv": [0, 7.5, 1, 15.5], "texture": "#0"},
				"west": {"uv": [3.5, 7.5, 4, 15.5], "texture": "#0"},
				"up": {"uv": [10, 11, 9, 10.5], "texture": "#0"},
				"down": {"uv": [11, 10.5, 10, 11], "texture": "#0"}
			}
		},
		{
			"from": [12, 0, 15],
			"to": [14, 16, 16],
			"rotation": {"angle": 0, "axis": "y", "origin": [12, 0, 15]},
			"faces": {
				"north": {"uv": [1, 7.5, 2, 15.5], "texture": "#0"},
				"east": {"uv": [4, 7.5, 4.5, 15.5], "texture": "#0"},
				"south": {"uv": [2, 7.5, 3, 15.5], "texture": "#0"},
				"west": {"uv": [4.5, 7.5, 5, 15.5], "texture": "#0"},
				"up": {"uv": [12, 5, 11, 4.5], "texture": "#0"},
				"down": {"uv": [12, 5, 11, 5.5], "texture": "#0"}
			}
		},
		{
			"from": [1, 1, 14],
			"to": [15, 4, 15],
			"rotation": {"angle": 0, "axis": "y", "origin": [1, 1, 14]},
			"faces": {
				"north": {"uv": [0, 0, 7, 1.5], "texture": "#0"},
				"east": {"uv": [10.5, 4.5, 11, 6], "texture": "#0"},
				"south": {"uv": [0, 1.5, 7, 3], "texture": "#0"},
				"west": {"uv": [5, 10.5, 5.5, 12], "texture": "#0"},
				"up": {"uv": [15, 8, 8, 7.5], "texture": "#0"},
				"down": {"uv": [15, 8, 8, 8.5], "texture": "#0"}
			}
		},
		{
			"from": [1, 5, 14],
			"to": [6, 8, 15],
			"rotation": {"angle": 0, "axis": "y", "origin": [1, 5, 14]},
			"faces": {
				"north": {"uv": [8, 1.5, 10.5, 3], "texture": "#0"},
				"east": {"uv": [5.5, 10.5, 6, 12], "texture": "#0"},
				"south": {"uv": [8, 3, 10.5, 4.5], "texture": "#0"},
				"west": {"uv": [6, 10.5, 6.5, 12], "texture": "#0"},
				"up": {"uv": [13, 2, 10.5, 1.5], "texture": "#0"},
				"down": {"uv": [13, 2, 10.5, 2.5], "texture": "#0"}
			}
		},
		{
			"from": [6, 6, 14],
			"to": [10, 8, 15],
			"rotation": {"angle": 0, "axis": "y", "origin": [6, 6, 14]},
			"faces": {
				"north": {"uv": [5, 7.5, 7, 8.5], "texture": "#0"},
				"east": {"uv": [11, 5.5, 11.5, 6.5], "texture": "#0"},
				"south": {"uv": [5, 8.5, 7, 9.5], "texture": "#0"},
				"west": {"uv": [11, 6.5, 11.5, 7.5], "texture": "#0"},
				"up": {"uv": [12.5, 4, 10.5, 3.5], "texture": "#0"},
				"down": {"uv": [12.5, 4, 10.5, 4.5], "texture": "#0"}
			}
		},
		{
			"from": [10, 5, 14],
			"to": [15, 8, 15],
			"rotation": {"angle": 0, "axis": "y", "origin": [10, 5, 14]},
			"faces": {
				"north": {"uv": [8, 4.5, 10.5, 6], "texture": "#0"},
				"east": {"uv": [8, 10.5, 8.5, 12], "texture": "#0"},
				"south": {"uv": [8, 6, 10.5, 7.5], "texture": "#0"},
				"west": {"uv": [8.5, 10.5, 9, 12], "texture": "#0"},
				"up": {"uv": [13, 3, 10.5, 2.5], "texture": "#0"},
				"down": {"uv": [13, 3, 10.5, 3.5], "texture": "#0"}
			}
		},
		{
			"from": [1, 9, 14],
			"to": [15, 12, 15],
			"rotation": {"angle": 0, "axis": "y", "origin": [1, 9, 14]},
			"faces": {
				"north": {"uv": [0, 3, 7, 4.5], "texture": "#0"},
				"east": {"uv": [10.5, 6, 11, 7.5], "texture": "#0"},
				"south": {"uv": [0, 4.5, 7, 6], "texture": "#0"},
				"west": {"uv": [6.5, 10.5, 7, 12], "texture": "#0"},
				"up": {"uv": [15, 9, 8, 8.5], "texture": "#0"},
				"down": {"uv": [15, 9, 8, 9.5], "texture": "#0"}
			}
		},
		{
			"from": [1, 13, 14],
			"to": [15, 16, 15],
			"rotation": {"angle": 0, "axis": "y", "origin": [1, 13, 14]},
			"faces": {
				"north": {"uv": [0, 6, 7, 7.5], "texture": "#0"},
				"east": {"uv": [7, 10.5, 7.5, 12], "texture": "#0"},
				"south": {"uv": [7, 0, 14, 1.5], "texture": "#0"},
				"west": {"uv": [7.5, 10.5, 8, 12], "texture": "#0"},
				"up": {"uv": [12, 10, 5, 9.5], "texture": "#0"},
				"down": {"uv": [12, 10, 5, 10.5], "texture": "#0"}
			}
		}
	],
	"gui_light": "front",
	"display": {
		"thirdperson_righthand": {
			"rotation": [0, 180, 0],
			"translation": [0, 2.75, 4],
			"scale": [0.6, 0.6, 0.6]
		},
		"thirdperson_lefthand": {
			"rotation": [0, 180, 0],
			"translation": [0, 2.75, 4],
			"scale": [0.6, 0.6, 0.6]
		},
		"firstperson_righthand": {
			"rotation": [0, 90, -36],
			"translation": [3, 0.5, -6]
		},
		"firstperson_lefthand": {
			"rotation": [0, 90, -36],
			"translation": [3, 0.5, -6]
		},
		"ground": {
			"translation": [0, 2.25, -3.25],
			"scale": [0.5, 0.5, 0.5]
		},
		"gui": {
			"rotation": [0, 180, 0]
		},
		"head": {
			"rotation": [0, 180, 0],
			"translation": [0, 0, 14.5]
		},
		"fixed": {
			"translation": [0, 0, -8]
		}
	}
}