{
	"credit": "Made with Blockbench, by xR4YM0ND",
	"texture_size": [64, 64],
	"textures": {
		"0": "quark:block/spruce_ladder",
		"particle": "quark:block/spruce_ladder"
	},
	"elements": [
		{
			"from": [1, 0, 15],
			"to": [3, 16, 16],
			"rotation": {"angle": 0, "axis": "y", "origin": [1, 0, 15]},
			"faces": {
				"north": {"uv": [4, 0, 4.5, 4], "texture": "#0"},
				"east": {"uv": [0.5, 4.5, 0.75, 8.5], "texture": "#0"},
				"south": {"uv": [4, 4, 4.5, 8], "texture": "#0"},
				"west": {"uv": [0.75, 4.5, 1, 8.5], "texture": "#0"},
				"up": {"uv": [3.5, 4.75, 3, 4.5], "texture": "#0"},
				"down": {"uv": [4, 4.5, 3.5, 4.75], "texture": "#0"}
			}
		},
		{
			"from": [13, 0, 15],
			"to": [15, 16, 16],
			"rotation": {"angle": 0, "axis": "y", "origin": [13, 0, 15]},
			"faces": {
				"north": {"uv": [0, 4.5, 0.5, 8.5], "texture": "#0"},
				"east": {"uv": [1, 4.5, 1.25, 8.5], "texture": "#0"},
				"south": {"uv": [4.5, 0, 5, 4], "texture": "#0"},
				"west": {"uv": [1.25, 4.5, 1.5, 8.5], "texture": "#0"},
				"up": {"uv": [3.5, 5, 3, 4.75], "texture": "#0"},
				"down": {"uv": [4, 4.75, 3.5, 5], "texture": "#0"}
			}
		},
		{
			"from": [0, 1, 14],
			"to": [16, 4, 15],
			"rotation": {"angle": 0, "axis": "y", "origin": [0, 1, 14]},
			"faces": {
				"north": {"uv": [0, 0, 4, 0.75], "texture": "#0"},
				"east": {"uv": [1.5, 4.5, 1.75, 5.25], "texture": "#0"},
				"south": {"uv": [0, 0.75, 4, 1.5], "texture": "#0"},
				"west": {"uv": [1.75, 4.5, 2, 5.25], "texture": "#0"},
				"up": {"uv": [8.5, 4.25, 4.5, 4], "texture": "#0"},
				"down": {"uv": [8.5, 4.25, 4.5, 4.5], "texture": "#0"}
			}
		},
		{
			"from": [0, 7, 14],
			"to": [16, 10, 15],
			"rotation": {"angle": 0, "axis": "y", "origin": [0, 7, 14]},
			"faces": {
				"north": {"uv": [0, 1.5, 4, 2.25], "texture": "#0"},
				"east": {"uv": [2, 4.5, 2.25, 5.25], "texture": "#0"},
				"south": {"uv": [0, 2.25, 4, 3], "texture": "#0"},
				"west": {"uv": [2.25, 4.5, 2.5, 5.25], "texture": "#0"},
				"up": {"uv": [8.5, 4.75, 4.5, 4.5], "texture": "#0"},
				"down": {"uv": [8.5, 4.75, 4.5, 5], "texture": "#0"}
			}
		},
		{
			"from": [0, 12, 14],
			"to": [16, 15, 15],
			"rotation": {"angle": 0, "axis": "y", "origin": [0, 12, 14]},
			"faces": {
				"north": {"uv": [0, 3, 4, 3.75], "texture": "#0"},
				"east": {"uv": [2.5, 4.5, 2.75, 5.25], "texture": "#0"},
				"south": {"uv": [0, 3.75, 4, 4.5], "texture": "#0"},
				"west": {"uv": [2.75, 4.5, 3, 5.25], "texture": "#0"},
				"up": {"uv": [9, 0.25, 5, 0], "texture": "#0"},
				"down": {"uv": [9, 0.25, 5, 0.5], "texture": "#0"}
			}
		}
	],
	"gui_light": "front",
	"display": {
		"thirdperson_righthand": {
			"rotation": [0, 180, 0],
			"translation": [0, 2.75, 4],
			"scale": [0.6, 0.6, 0.6]
		},
		"thirdperson_lefthand": {
			"rotation": [0, 180, 0],
			"translation": [0, 2.75, 4],
			"scale": [0.6, 0.6, 0.6]
		},
		"firstperson_righthand": {
			"rotation": [0, 90, -36],
			"translation": [3, 0.5, -6]
		},
		"firstperson_lefthand": {
			"rotation": [0, 90, -36],
			"translation": [3, 0.5, -6]
		},
		"ground": {
			"translation": [0, 2.25, -3.25],
			"scale": [0.5, 0.5, 0.5]
		},
		"gui": {
			"rotation": [0, 180, 0]
		},
		"head": {
			"rotation": [0, 180, 0],
			"translation": [0, 0, 14.5]
		},
		"fixed": {
			"translation": [0, 0, -8]
		}
	}
}