{
	"credit": "Made with Blockbench, by xR4YM0ND",
	"texture_size": [32, 32],
	"textures": {
		"0": "quark:block/ancient_ladder",
		"particle": "quark:block/ancient_ladder"
	},
	"elements": [
		{
			"from": [2, 0, 15],
			"to": [4, 16, 16],
			"rotation": {"angle": 0, "axis": "y", "origin": [2, 0, 15]},
			"faces": {
				"north": {"uv": [0, 0, 1, 8], "texture": "#0"},
				"east": {"uv": [4, 4, 4.5, 12], "texture": "#0"},
				"south": {"uv": [1, 0, 2, 8], "texture": "#0"},
				"west": {"uv": [4.5, 4, 5, 12], "texture": "#0"},
				"up": {"uv": [3.5, 9.5, 2.5, 9], "texture": "#0"},
				"down": {"uv": [3.5, 9.5, 2.5, 10], "texture": "#0"}
			}
		},
		{
			"from": [12, 0, 15],
			"to": [14, 16, 16],
			"rotation": {"angle": 0, "axis": "y", "origin": [12, 0, 15]},
			"faces": {
				"north": {"uv": [2, 0, 3, 8], "texture": "#0"},
				"east": {"uv": [5, 4, 5.5, 12], "texture": "#0"},
				"south": {"uv": [3, 0, 4, 8], "texture": "#0"},
				"west": {"uv": [5.5, 4, 6, 12], "texture": "#0"},
				"up": {"uv": [11, 10, 10, 9.5], "texture": "#0"},
				"down": {"uv": [11, 10, 10, 10.5], "texture": "#0"}
			}
		},
		{
			"from": [1, 3, 14],
			"to": [5, 5, 15],
			"rotation": {"angle": 0, "axis": "y", "origin": [1, 3, 14]},
			"faces": {
				"north": {"uv": [9, 3, 11, 4], "texture": "#0"},
				"east": {"uv": [3.5, 8, 4, 9], "texture": "#0"},
				"south": {"uv": [6, 9, 8, 10], "texture": "#0"},
				"west": {"uv": [3.5, 9, 4, 10], "texture": "#0"},
				"up": {"uv": [12, 6, 10, 5.5], "texture": "#0"},
				"down": {"uv": [8, 10, 6, 10.5], "texture": "#0"}
			}
		},
		{
			"from": [11, 5, 14],
			"to": [15, 7, 15],
			"rotation": {"angle": 0, "axis": "y", "origin": [11, 5, 14]},
			"faces": {
				"north": {"uv": [8, 9, 10, 10], "texture": "#0"},
				"east": {"uv": [0.5, 10.5, 1, 11.5], "texture": "#0"},
				"south": {"uv": [9.5, 6, 11.5, 7], "texture": "#0"},
				"west": {"uv": [1, 10.5, 1.5, 11.5], "texture": "#0"},
				"up": {"uv": [10, 10.5, 8, 10], "texture": "#0"},
				"down": {"uv": [12, 9, 10, 9.5], "texture": "#0"}
			}
		},
		{
			"from": [10, 11, 14],
			"to": [15, 13, 15],
			"rotation": {"angle": 0, "axis": "y", "origin": [10, 11, 14]},
			"faces": {
				"north": {"uv": [0, 9, 2.5, 10], "texture": "#0"},
				"east": {"uv": [6, 10.5, 6.5, 11.5], "texture": "#0"},
				"south": {"uv": [9, 2, 11.5, 3], "texture": "#0"},
				"west": {"uv": [6.5, 10.5, 7, 11.5], "texture": "#0"},
				"up": {"uv": [12.5, 5, 10, 4.5], "texture": "#0"},
				"down": {"uv": [12.5, 5, 10, 5.5], "texture": "#0"}
			}
		},
		{
			"from": [8, 14, 14],
			"to": [15, 16, 15],
			"rotation": {"angle": 0, "axis": "y", "origin": [8, 14, 14]},
			"faces": {
				"north": {"uv": [6, 6, 9.5, 7], "texture": "#0"},
				"east": {"uv": [9, 10.5, 9.5, 11.5], "texture": "#0"},
				"south": {"uv": [6, 7, 9.5, 8], "texture": "#0"},
				"west": {"uv": [9.5, 10.5, 10, 11.5], "texture": "#0"},
				"up": {"uv": [13, 8.5, 9.5, 8], "texture": "#0"},
				"down": {"uv": [13, 8.5, 9.5, 9], "texture": "#0"}
			}
		},
		{
			"from": [1, 13, 14],
			"to": [8, 15, 15],
			"rotation": {"angle": 0, "axis": "y", "origin": [1, 13, 14]},
			"faces": {
				"north": {"uv": [0, 8, 3.5, 9], "texture": "#0"},
				"east": {"uv": [10, 10.5, 10.5, 11.5], "texture": "#0"},
				"south": {"uv": [6, 8, 9.5, 9], "texture": "#0"},
				"west": {"uv": [10.5, 10.5, 11, 11.5], "texture": "#0"},
				"up": {"uv": [3.5, 10.5, 0, 10], "texture": "#0"},
				"down": {"uv": [13.5, 4, 10, 4.5], "texture": "#0"}
			}
		},
		{
			"from": [5, 1, 14],
			"to": [15, 3, 15],
			"rotation": {"angle": 0, "axis": "y", "origin": [5, 1, 14]},
			"faces": {
				"north": {"uv": [4, 0, 9, 1], "texture": "#0"},
				"east": {"uv": [3.5, 10, 4, 11], "texture": "#0"},
				"south": {"uv": [4, 1, 9, 2], "texture": "#0"},
				"west": {"uv": [0, 10.5, 0.5, 11.5], "texture": "#0"},
				"up": {"uv": [14, 0.5, 9, 0], "texture": "#0"},
				"down": {"uv": [14, 0.5, 9, 1], "texture": "#0"}
			}
		},
		{
			"from": [1, 6, 14],
			"to": [11, 8, 15],
			"rotation": {"angle": 0, "axis": "y", "origin": [1, 6, 14]},
			"faces": {
				"north": {"uv": [4, 2, 9, 3], "texture": "#0"},
				"east": {"uv": [1.5, 10.5, 2, 11.5], "texture": "#0"},
				"south": {"uv": [4, 3, 9, 4], "texture": "#0"},
				"west": {"uv": [2, 10.5, 2.5, 11.5], "texture": "#0"},
				"up": {"uv": [14, 1.5, 9, 1], "texture": "#0"},
				"down": {"uv": [14, 1.5, 9, 2], "texture": "#0"}
			}
		},
		{
			"from": [1, 9, 14],
			"to": [9, 11, 15],
			"rotation": {"angle": 0, "axis": "y", "origin": [1, 9, 14]},
			"faces": {
				"north": {"uv": [6, 4, 10, 5], "texture": "#0"},
				"east": {"uv": [2.5, 10.5, 3, 11.5], "texture": "#0"},
				"south": {"uv": [6, 5, 10, 6], "texture": "#0"},
				"west": {"uv": [3, 10.5, 3.5, 11.5], "texture": "#0"},
				"up": {"uv": [13.5, 7.5, 9.5, 7], "texture": "#0"},
				"down": {"uv": [13.5, 7.5, 9.5, 8], "texture": "#0"}
			}
		},
		{
			"from": [4, 2, 14],
			"to": [5, 3, 15],
			"rotation": {"angle": 0, "axis": "y", "origin": [4, 2, 14]},
			"faces": {
				"north": {"uv": [11, 3, 11.5, 3.5], "texture": "#0"},
				"east": {"uv": [3.5, 11, 4, 11.5], "texture": "#0"},
				"south": {"uv": [11, 3.5, 11.5, 4], "texture": "#0"},
				"west": {"uv": [11, 9.5, 11.5, 10], "texture": "#0"},
				"up": {"uv": [11.5, 10.5, 11, 10], "texture": "#0"},
				"down": {"uv": [11.5, 10.5, 11, 11], "texture": "#0"}
			}
		},
		{
			"from": [5, 3, 14],
			"to": [6, 4, 15],
			"rotation": {"angle": 0, "axis": "y", "origin": [5, 3, 14]},
			"faces": {
				"north": {"uv": [11, 11, 11.5, 11.5], "texture": "#0"},
				"east": {"uv": [0, 11.5, 0.5, 12], "texture": "#0"},
				"south": {"uv": [0.5, 11.5, 1, 12], "texture": "#0"},
				"west": {"uv": [1, 11.5, 1.5, 12], "texture": "#0"},
				"up": {"uv": [2, 12, 1.5, 11.5], "texture": "#0"},
				"down": {"uv": [2.5, 11.5, 2, 12], "texture": "#0"}
			}
		},
		{
			"from": [11, 7, 14],
			"to": [12, 8, 15],
			"rotation": {"angle": 0, "axis": "y", "origin": [11, 7, 14]},
			"faces": {
				"north": {"uv": [11.5, 2, 12, 2.5], "texture": "#0"},
				"east": {"uv": [2.5, 11.5, 3, 12], "texture": "#0"},
				"south": {"uv": [11.5, 2.5, 12, 3], "texture": "#0"},
				"west": {"uv": [3, 11.5, 3.5, 12], "texture": "#0"},
				"up": {"uv": [12, 3.5, 11.5, 3], "texture": "#0"},
				"down": {"uv": [4, 11.5, 3.5, 12], "texture": "#0"}
			}
		},
		{
			"from": [9, 10, 14],
			"to": [10, 12, 15],
			"rotation": {"angle": 0, "axis": "y", "origin": [9, 10, 14]},
			"faces": {
				"north": {"uv": [7, 10.5, 7.5, 11.5], "texture": "#0"},
				"east": {"uv": [7.5, 10.5, 8, 11.5], "texture": "#0"},
				"south": {"uv": [8, 10.5, 8.5, 11.5], "texture": "#0"},
				"west": {"uv": [8.5, 10.5, 9, 11.5], "texture": "#0"},
				"up": {"uv": [12, 4, 11.5, 3.5], "texture": "#0"},
				"down": {"uv": [6.5, 11.5, 6, 12], "texture": "#0"}
			}
		}
	],
	"gui_light": "front",
	"display": {
		"thirdperson_righthand": {
			"rotation": [0, 180, 0],
			"translation": [0, 2.75, 4],
			"scale": [0.6, 0.6, 0.6]
		},
		"thirdperson_lefthand": {
			"rotation": [0, 180, 0],
			"translation": [0, 2.75, 4],
			"scale": [0.6, 0.6, 0.6]
		},
		"firstperson_righthand": {
			"rotation": [0, 90, -36],
			"translation": [3, 0.5, -6]
		},
		"firstperson_lefthand": {
			"rotation": [0, 90, -36],
			"translation": [3, 0.5, -6]
		},
		"ground": {
			"translation": [0, 2.25, -3.25],
			"scale": [0.5, 0.5, 0.5]
		},
		"gui": {
			"rotation": [0, 180, 0]
		},
		"head": {
			"rotation": [0, 180, 0],
			"translation": [0, 0, 14.5]
		},
		"fixed": {
			"translation": [0, 0, -8]
		}
	}
}