{
	"credit": "Made with Blockbench, by xR4YM0ND",
	"texture_size": [64, 64],
	"textures": {
		"0": "quark:block/bamboo_ladder",
		"particle": "quark:block/bamboo_ladder"
	},
	"elements": [
		{
			"from": [2, 0, 15],
			"to": [3, 16, 16],
			"rotation": {"angle": 0, "axis": "y", "origin": [2, 0, 15]},
			"faces": {
				"north": {"uv": [0, 4, 0.25, 8], "texture": "#0"},
				"east": {"uv": [4, 0, 4.25, 4], "texture": "#0"},
				"south": {"uv": [0.25, 4, 0.5, 8], "texture": "#0"},
				"west": {"uv": [0.5, 4, 0.75, 8], "texture": "#0"},
				"up": {"uv": [3.25, 4.5, 3, 4.25], "texture": "#0"},
				"down": {"uv": [3.5, 4.25, 3.25, 4.5], "texture": "#0"}
			}
		},
		{
			"from": [13, 0, 15],
			"to": [14, 16, 16],
			"rotation": {"angle": 0, "axis": "y", "origin": [13, 0, 15]},
			"faces": {
				"north": {"uv": [0.75, 4, 1, 8], "texture": "#0"},
				"east": {"uv": [1, 4, 1.25, 8], "texture": "#0"},
				"south": {"uv": [1.25, 4, 1.5, 8], "texture": "#0"},
				"west": {"uv": [1.5, 4, 1.75, 8], "texture": "#0"},
				"up": {"uv": [4.5, 3.5, 4.25, 3.25], "texture": "#0"},
				"down": {"uv": [3.75, 4.25, 3.5, 4.5], "texture": "#0"}
			}
		},
		{
			"from": [0, 1, 14],
			"to": [16, 3, 15],
			"rotation": {"angle": 0, "axis": "y", "origin": [0, 1, 14]},
			"faces": {
				"north": {"uv": [0, 0, 4, 0.5], "texture": "#0"},
				"east": {"uv": [1.75, 4.25, 2, 4.75], "texture": "#0"},
				"south": {"uv": [0, 0.5, 4, 1], "texture": "#0"},
				"west": {"uv": [4.25, 1.75, 4.5, 2.25], "texture": "#0"},
				"up": {"uv": [5.75, 4.25, 1.75, 4], "texture": "#0"},
				"down": {"uv": [8.25, 0, 4.25, 0.25], "texture": "#0"}
			}
		},
		{
			"from": [0, 5, 14],
			"to": [16, 7, 15],
			"rotation": {"angle": 0, "axis": "y", "origin": [0, 5, 14]},
			"faces": {
				"north": {"uv": [0, 1, 4, 1.5], "texture": "#0"},
				"east": {"uv": [2, 4.25, 2.25, 4.75], "texture": "#0"},
				"south": {"uv": [0, 1.5, 4, 2], "texture": "#0"},
				"west": {"uv": [2.25, 4.25, 2.5, 4.75], "texture": "#0"},
				"up": {"uv": [8.25, 0.5, 4.25, 0.25], "texture": "#0"},
				"down": {"uv": [8.25, 0.5, 4.25, 0.75], "texture": "#0"}
			}
		},
		{
			"from": [0, 9, 14],
			"to": [16, 11, 15],
			"rotation": {"angle": 0, "axis": "y", "origin": [0, 9, 14]},
			"faces": {
				"north": {"uv": [0, 2, 4, 2.5], "texture": "#0"},
				"east": {"uv": [4.25, 2.25, 4.5, 2.75], "texture": "#0"},
				"south": {"uv": [0, 2.5, 4, 3], "texture": "#0"},
				"west": {"uv": [2.5, 4.25, 2.75, 4.75], "texture": "#0"},
				"up": {"uv": [8.25, 1, 4.25, 0.75], "texture": "#0"},
				"down": {"uv": [8.25, 1, 4.25, 1.25], "texture": "#0"}
			}
		},
		{
			"from": [0, 13, 14],
			"to": [16, 15, 15],
			"rotation": {"angle": 0, "axis": "y", "origin": [0, 13, 14]},
			"faces": {
				"north": {"uv": [0, 3, 4, 3.5], "texture": "#0"},
				"east": {"uv": [2.75, 4.25, 3, 4.75], "texture": "#0"},
				"south": {"uv": [0, 3.5, 4, 4], "texture": "#0"},
				"west": {"uv": [4.25, 2.75, 4.5, 3.25], "texture": "#0"},
				"up": {"uv": [8.25, 1.5, 4.25, 1.25], "texture": "#0"},
				"down": {"uv": [8.25, 1.5, 4.25, 1.75], "texture": "#0"}
			}
		}
	],
	"gui_light": "front",
	"display": {
		"thirdperson_righthand": {
			"rotation": [0, 180, 0],
			"translation": [0, 2.75, 4],
			"scale": [0.6, 0.6, 0.6]
		},
		"thirdperson_lefthand": {
			"rotation": [0, 180, 0],
			"translation": [0, 2.75, 4],
			"scale": [0.6, 0.6, 0.6]
		},
		"firstperson_righthand": {
			"rotation": [0, 90, -36],
			"translation": [3, 0.5, -6]
		},
		"firstperson_lefthand": {
			"rotation": [0, 90, -36],
			"translation": [3, 0.5, -6]
		},
		"ground": {
			"translation": [0, 2.25, -3.25],
			"scale": [0.5, 0.5, 0.5]
		},
		"gui": {
			"rotation": [0, 180, 0]
		},
		"head": {
			"rotation": [0, 180, 0],
			"translation": [0, 0, 14.5]
		},
		"fixed": {
			"translation": [0, 0, -8]
		}
	}
}